Region,Court Type,Office Name,Equality Court,Small Claims Court,Sexual Offence Court,Mediation Services,telephone,fax,adress,GPS
Easern Cape,Magisrae Cour,Aberdeen,Yes,Yes,No,No,049 846 0013,049 846 0671,2A Porer Sree Aberdeen 6270,E 24.06257; S -32.47731
Mpumalanga,Branch Cour,Acornhoek,No,Yes (Sessions Only),No,No,013 795 5969,013 799 0407,Nex o SAPS Acornhoek,-24.5971; 31.04835
Easern Cape,Periodical Cour,Addo,No,No,No,No,See Kirkwood,No,Main Road (R335),E 25.68985; S -33.54771
Easern Cape,Magisrae Cour,Adelaide,Yes,Yes,No,No,046 684 0025,046 684 1233,49A Church Sree Adelaide 5760,E 26.29308; S -32.70665
Wesern Cape,Periodical Cour,Alberinia,No,No,No,No,028 735 1007,028 735 1583,6 William Sree Alberinia 6695,E 21.58298; S -34.20496
Gaueng,Deached Cour,Alexandra,Yes,Yes,No,No,011 786 5181/2971; 011 887 9511,011 786 5191,223 2nd Sree  Wynberg,-26.11211; 28.08758
Easern Cape,Magisrae Cour,Alexandria,Yes,Yes,No,No,046 653 0014,046 653 0164 /1271,2 Cour Sree Alexandria 6185,E 26.41158; S -33.65066
Easern Cape,Magisrae Cour,Alice,Yes,Yes,No,No,040 653 0037,040 653 2221,Long Marke Sree Alice 5700,E 26.83799; S -32.78887
Easern Cape,Periodical Cour,Alicedale,No,No,No,No,046 622 7303,046 622 5543,119A High Sree Grahamsown 6140,E 26.08544; S -33.31672
Easern Cape,Magisrae Cour,Aliwal Norh,Yes,Yes,No,No,051 633 2244,051 634 2293,15 Smih Sree Aliwal-Norh 9750,E 26.71037; S -30.6871
Limpopo,Branch Cour,Alldays,No,No,No,No,015 516 0181/2/3,015 516 0044,Rooibos Sree SAPS Alldays,-22.68185; 29.10505
KwaZulu-Naal,Branch Cour,Amanzimoi,No,No,No,No,031 903 0602,031 903 5320,c/o Nelson & Adams Road Amanzimoi 4126,E 30.8801; S -30.05127
Mpumalanga,Magisrae Cour,Amersfoor,Yes,Yes,No,No,017 753 1004/1070,017 753 1559,c/o Plain &Sybrand van Niekerk Sree Amersfoor 2490,-27.00805; 29.87206
Mpumalanga,Branch Cour,Amserdam,No,Yes (Sessions Only),No,No,017 846 9265,017 846 9265 el/fax,93 Presiden Sree Amserdam 2375,-26.62343; 30.66065
Wesern Cape,Periodical Cour,Ashon,No,No,No,No,023 614 1105,023 614 3974,Saion Road Ashon,E 20.06686; S -33.83376
Norh Wes,Periodical Cour,Assen,No,No,No,No,012 252 3223,012 252 3223,Assen Police Saion,-25.16724; 27.60205
Norh Wes,Deached Cour,Aamelang,No,Yes,No,Yes,018 334 2935/ 3520/ 2200/ 2142,018 334 3521,1026 Simi Seadi Avenue Aamelang 2732,-26.50188; 25.36968
Wesern Cape,Branch Cour,Ahlone,No,No,No,No,021 697 1246,021 697 1746,Old Klipfonein Road Ahlone 7764,E 18.50645; S -33.96148
Wesern Cape,Deached Cour,Alanis,Yes,Yes,Yes,No,021 572 1003,021 572 3230,c/o Wesfleur Circle & Reygersdal Sree Wesfleur,E 18.49383; S -33.56632
Gaueng,Deached Cour,Aeridgeville,No,Yes,No,No,012 373 1140,012 373 1137,1 Hlahla Sree Aeridgeville 0008,-25.77375; 28.0718
Norhern Cape,Periodical Cour,Augrabies,No,No,No,No,See Kakamas,No,No,No
KwaZulu-Naal,Magisrae Cour,Babanango,Yes,Yes,No,No,035 835 0044,035 835 0007,Lo 59 c/o Jusice & Main Sree Babanango 3850,E 31.08322; S -28.37697
Easern Cape,Periodical Cour,Balfour [EC,No,No,No,No,See Seymour,No,No,E 26.67652; S -32.53637
Mpumalanga,Magisrae Cour,Balfour [MP,Yes,Yes,No,No,017 773 0157,017 773 1127,c/o Themba Shozi & Frank Sree Balfour 2410,-26.66341; 28.58758
Limpopo,Periodical Cour,Bandelierkop,No,No,No,No,015 516 0181/2/3,015 516 0044,SAPS Bandelierkop,-23.3178; 29.80374
Mpumalanga,Magisrae Cour,Barberon,Yes,Yes,No,No,013 712 2104/ 3284/ 3267,013 712 5122,Presiden Plein De Villiers Sree Barberon 1300. Nex o he Municipaliy Building.,-25.78954; 31.05255
Easern Cape,Magisrae Cour,Barkly Eas,Yes,Yes,No,No,045 971 0013,045 971 0585,Graskop Main Road Bushbuckridge 1280,E 27.59273; S -30.96776
Norhern Cape,Magisrae Cour,Barkly Wes,Yes,Yes,Yes,No,053 531 0621/23,053 531 0812,9 Transvaal Road Barkly Wes 8375,-28.53662; 24.52611
Wesern Cape,Periodical Cour,Barrydale,No,No,No,No,028 514 1109/ 1160/ 1223,028 514 2342,6 Bain Sree Barrydale,E 20.72136; S -33.90294
Free Sae,Branch Cour,Baho,No,No,No,No,051 432 4728 / 4729 / 506 1111,051 432 9285,Cnr Forhar & Lovedale Road Baho 9323,E 26.22632; S -29.13556
Wesern Cape,Magisrae Cour,Beaufor Wes,Yes,Yes,No,No,023 415 1787,023 414 4658,c/o Church & Bird Sree Beaufor Wes 6970,E 22.58442; S -32.35008
Easern Cape,Magisrae Cour,Bedford,Yes,Yes,No,No,046 865 0020,046 685 0476,Andreu Tupin Sree Bedford 5780,E 26.08796; S -32.67953
Limpopo,Magisrae Cour,Bela-Bela,Yes,Yes,No,No,014 736 2231,014 736 5210/ 0865075648,22 Moffa (c/o Moffa & Preoria) Sree Bela-Bela 0480,-24.88281; 28.29105
Wesern Cape,Magisrae Cour,Bellville,Yes,Yes,No,No,021 950 7700/7820,021 945 2255/ 949 6514,c/o Voorrekker Road & Landdros Sree Bellville 7535,E 18.62185; S -33.90249
Gaueng,Magisrae Cour,Benoni,Yes,Yes,No,Yes,011 746 7600/1,011 421 7213,69 Harpur Sree Benoni 1500,-26.19365; 28.32041
KwaZulu-Naal,Magisrae Cour,Bergville,Yes,Yes,No,No,036 448 1015/6,036 448 1366,Sharra Sree Bergville 3350,E 29.35448; S -28.73194
Mpumalanga,Magisrae Cour,Behal,Yes,Yes,No,No,017 647 6511,017 647 3720,60 Chris Hani  [Mark Sree Behal 2310,-26.45553; 29.46524
Norh Wes,Periodical Cour,Behanie,No,No,No,No,012 700 8255,012 703 2223/3189,Tribal Sree Moseja Secion,-25.55169; 27.60138
Free Sae,Magisrae Cour,Behlehem,Yes,Yes,Yes,No,058 303 5386,058 303 1541,c/o Oxford & Grey Sree Behlehem 9700,E 28.30458; S -28.22987
Free Sae,Magisrae Cour,Behulie,Yes,Yes,No,No,051 763 0005,051 763 0524,16 Jouber Sree Behulie 9992,E 25.97268; S -30.49535
Easern Cape,Periodical Cour,Bholohwa,No,No,No,No,See Lady Frere,No,No,E 27.20082; S -31.98586
Norh Wes,Periodical Cour,Biesiesvlei,No,No,No,No,018 632 7900,018 632 3619,c/o N14 and R52 Biesiesvlei,-26.37827; 25.9035
Wesern Cape,Branch Cour,Bishop Lavis,No,No,No,No,021 934 1021/1664/1379,021 934 1072,c/o Myrle Road & Valhalla Avenue Bishop Lavis 7490,E 18.56676; S -33.94619
Easern Cape,Periodical Cour,Biyi,No,No,No,No,See Mhaha,No,n/a,E 28.53489; S -31.80992
Easern Cape,Magisrae Cour,Bizana,Yes,Yes,No,No,071 4640 401/ 082 324 1283/ 039 251 0210,039 251 0211 / 0534,Erf 104 Main Sree (R61) Bizana 4800,E 29.85551; S -30.85565
Free Sae,Magisrae Cour,Bloemfonein,Yes,Yes,Yes,No,051 506 1111,051 447 6854,c/o S George’s & Presiden Brand Sree Bloemfonein 9301,E 26.2165; S -29.12004
Norh Wes,Magisrae Cour,Bloemhof,Yes,Yes,No,Yes,053 433 1035,053 433 2220,38 Kerk Sree Bloemhof 2660,-27.6497; 25.60204
Wesern Cape,Branch Cour,Bluedowns,No,No,No,No,021 909 9000,021 909 9072,Eerse Rivier Sree Bluedowns 7100,E 18.68644; S -33.97949
Easern Cape,Periodical Cour,Boesmansriviermond,No,No,No,No,See Alexandria,No,No,No
Gaueng,Deached Cour,Boksburg,Yes,Yes,No,No,011 917 9620-6 / 9153-8,011 917 1177,Cnr Trichard & Adderley Sr Boksburg 1460,-26.22538; 28.25227
Wesern Cape,Periodical Cour,Bonnievale,No,Yes (Sessions Only),No,No,023 616 2150,023 616 2371,2 Coezee Sree Bonnievale 6730,E 20.10088; S -33.93929
Norh Wes,Periodical Cour,Boons,No,No,No,No,014 543 2024/2357,014 543 4880,JQ381 Elandsfonein Boons,-25.96677; 27.23693
Gaueng,Branch Cour,Booysens,No,No,No,No,011 491 5115,011 433 5297,426 Booysens Road Booysens 2016,-26.233462; 28.021827
Mpumalanga,Branch Cour,Boschfonein,No,No,Yes,No,013 780 3312 /3153,013 780 0747,Near Schoemansdal  SAPS Cnr Schoemansdale and Boschfonein Road,-25.71414; 31.6118
Norh Wes,Periodical Cour,Boshoek,No,No,No,No,053 928 4209,053 927 2309,Cnr Marke & De Kock Sree Vryburg 8601,-26.95809; 24.727233
Free Sae,Magisrae Cour,Boshof,Yes,Yes,No,No,053 541 0017,053 541 0534,4 Van Zyl Sree Boshof 8340,E 25.23639; S -28.53925
Free Sae,Magisrae Cour,Bohaville,Yes,Yes,No,No,056 515 2031,056 515 3175,31 Presiden Avenue Bohaville 9660,E 26.61618; S -27.39389
Norhern Cape,Periodical Cour,Bohihong,No,No,No,No,053 773 1868/ 1869/ 1307/ 1550,053 773 1502/1156,n/a,-27.06505; 23.82835
Free Sae,Magisrae Cour,Boshabelo,Yes,Yes,Yes,No,051 534 1078,051 534 1416,c/o Hospial & Sand Sree Boshabelo 9781,E 26.71375; S -29.23168
Gaueng,Deached Cour,Brakpan,Yes,Yes,No,No,011 746 8300/8,011 746 8369,Prince George & Krizinger Sree Brakpan 1541,-26.23825; 28.36591
Free Sae,Magisrae Cour,Brandfor,Yes,Yes,No,No,051 821 2211,051 821 1602 /1004,69 Voorrekker Sree Brandfor 9400,E 26.45932; S -28.70282
Norhern Cape,Periodical Cour,Brandvlei,No,Yes (Sessions Only),No,No,027 341 1017/ 2920,027 341 1483,69 Hoof Sree Brandvlei,-30.46395; 20.48972
Norh Wes,Periodical Cour,Bray,No,No,No,No,053 928 4209,053 927 2309,Paddon Road Bray,-25.4577; 23.71557
Wesern Cape,Magisrae Cour,Bredasdorp,Yes,Yes,No,No,028 424 1139,028 424 1904,22 Long Sree Bredasdorp 7280,E 20.03966; S -34.53231
Mpumalanga,Branch Cour,Breyen,No,Yes (Sessions Only),No,No,017 861 3026,017 861 3561,305 Breyenbach Sree Breyen 2330,-26.30286; 29.98789
Norh Wes,Magisrae Cour,Bris,Yes,Yes,Yes,Yes,012 252 3416 / 0676,012 252 3223,Cnr Van Velden & Cour Sree Bris 0250,-25.63501; 27.77902
Norhern Cape,Magisrae Cour,Brisown,Yes,Yes,No,No,053 672 0012,053 672 0464,22 Long Sree Brisown 8782,-30.58919; 23.50358
Gaueng,Branch Cour,Brixon,No,No,No,No,011 839 2768,011 837 6349,Cnr High & Mercury Sree Brixon 2019,-26.19322; 27.99333
Gaueng,Deached Cour,Bronkhorssprui,Yes,Yes,No,No,013 932 2901-3,013 932 2880,38 Kruger Sree Bronkhorssprui 1020,-25.80778; 28.74458
Norh Wes,Periodical Cour,Buffelshoek,No,No,No,No,See Pochefsroom,No,Pochefsroom Parys Main Road Buffelshoek,-26.80362; 27.39961
Limpopo,Periodical Cour,Bulgerivier,No,No,No,No,014 763 2178,014 763 3840,Near SAPS Bulgerivier,-24.12652; 27.69397
Free Sae,Magisrae Cour,Bulfonein,Yes,Yes,No,No,051 853 1126,051 853 1851 /1119,5 McCullem Sree Bulfonein 9670,E 26.1533; S -28.2902
Easern Cape,Magisrae Cour,Burgersdorp,Yes,Yes,No,No,051 653 1833,051 653 1129,Church Sree  Burgersdorp 9744,E 26.33138; S -30.99471
Limpopo,Branch Cour,Burgersfor,No,No,No,Yes,013 235 2325/6/7,013 235 3411,7 Jusice Sree Burgersfor,-24.67995; 30.3297
Mpumalanga,Magisrae Cour,Bushbuckridge,Yes,Yes,No,No,013 799 0211/ 12,013 799 0407,R533 Near SAPS Graskop Road Bushbuckridge 1280,-24.83612; 31.06877
Easern Cape,Magisrae Cour,Buerworh,Yes,Yes,Yes,No,047 491 3271,047 491 0904,52 Blyh Sree Buerworh 4960,E 28.14535; S -32.33078
Easern Cape,Magisrae Cour,Cala,Yes,Yes,No,No,047 877 0135,047 877 0093,Umaa Road 472 Cala 5455,E 27.69699; S -31.52432
Wesern Cape,Magisrae Cour,Caledon,Yes,Yes,No,No,028 212 1076,028 214 1630,28 Church Sree Caledon 7230,E 19.42972; S -34.23221
Wesern Cape,Magisrae Cour,Calizdorp,Yes,Yes,No,No,044 213 3309,044 213 3013,13 Queen Sree Calizdorp 6660,E 21.68649; S -33.5337
Norhern Cape,Magisrae Cour,Calvinia,Yes,Yes,No,No,027 341 1017,027 341 1483,26 Sigling Sree Calvinia 8190,-31.47384; 19.77341
KwaZulu-Naal,Magisrae Cour,Camperdown,Yes,Yes,No,No,031 785 1155/6/7,031 785 1652,10 Bishop Sree Camperdown 3720,E 30.54196; S -29.72945
Wesern Cape,Magisrae Cour,Cape Town,Yes,Yes,Yes,No,021 401 1511,021 461 1948,Iusiia Building c/o Caledon & Parade Sree Cape Town 8001,E 18.42324; S -33.92683
Wesern Cape,Branch Cour,Cape Town Communiy Cour,No,No,No,No,021 401 1544/ 1547,021 461 1948,17 Norlen House Cape Town,E 18.424; S -33.92702
Norhern Cape,Magisrae Cour,Carnarvon,Yes,Yes,No,No,053 382 3001,053 382 3725,9 Hanau Sree Carnarvon 8925,-30.96974; 22.12965
Mpumalanga,Magisrae Cour,Carolina,Yes,Yes,No,No,017 843 1033,017 843 2500,38 Voorrekker Sree Carolina 1185,-26.06994; 30.11698
Easern Cape,Magisrae Cour,Cahcar,Yes,Yes,No,No,045 843 1027,045 843 1692,Main Sree Cahcar 5310,E 27.14448; S -32.29775
Easern Cape,Magisrae Cour,Cenane,Yes,Yes,No,No,047 498 1033,047 498 1035,CCSC Building Bell Sree Cenane 4980,E 28.31996; S -32.50991
Gaueng,Periodical Cour,Cenurion,No,No,No,No,012 319 4000,012 328 6546,100 Napier Sree Lyleon Cenurion,-25.82718; 28.20543
Wesern Cape,Magisrae Cour,Ceres,Yes,Yes,No,No,023 312 1112 / 1188/ 1189/ 1067,023 316 1190,44 Voorrekker Road Ceres 6835,E 19.30676; S -33.37161
Mpumalanga,Periodical Cour,Charl Cilliers,No,No,No,No,017 640 0236,017 634 8540,234 Boha Sree Charl Cilliers 2301 [a Police Saion,-26.664883; 29.189887
KwaZulu-Naal,Periodical Cour,Charlesown,No,No,No,No,034 312 1166/7/8,034 315 1607,Hollard Sree Charlesown,E 29.87249; S -27.41492
KwaZulu-Naal,Magisrae Cour,Chasworh,Yes,Yes,No,No,031 403 3227/ 2231/ 3281/ 3282,031 403 0301,1 Jusice Sree Uni 5  Chasworh 4030,E 30.88408; S -29.91076
Mpumalanga,Periodical Cour,Chrissies Meer,No,No,No,No,017 819 3462/ 63/66,017 819 2735,69 Parkwood Sree SAPS Chrissies Meer,-26.28052; 30.21357
Norh Wes,Deached Cour,Chrisiana,Yes,Yes,No,No,053 441 2205,053 441 3958,17xa0 Preorius Sree Chrisiana 2680,-27.9104; 25.16982
Wesern Cape,Periodical Cour,Cirusdal,No,No,No,No,027 482 2114/5,027 482 2412,Voorrekker Ave Cirusdal,E 19.01136; S -32.58819
Wesern Cape,Magisrae Cour,Clanwilliam,Yes,Yes,No,No,027 482 2114/5,027 482 2412,4 Hoof Sree Clanwilliam 8135,E 18.89238; S -32.17091
Free Sae,Periodical Cour,Clarens,No,No,No,No,058 303 5386,058 303 1541,Church Sree,E 28.41976; S -28.51545
Free Sae,Magisrae Cour,Clocolan,Yes,Yes,No,No,051 943 0409,051 943 0963,Dirkie Uys Avenue Clocolan 9735,E 27.56832; S -28.91609
Easern Cape,Magisrae Cour,Cofimvaba,Yes,Yes,No,No,047 874 0008,047 874 0555,High Sree Confimvaba 5380,E 27.5803; S -32.00074
KwaZulu-Naal,Periodical Cour,Colenso,No,Yes,No,No,036 422 2203,036 422 2545,Sir George Sree Colenso 3360,E 29.82326; S -28.73448
Norhern Cape,Magisrae Cour,Colesberg,Yes,Yes,Yes,No,051 753 8400,051 753 8450,8 Campbell Sree Colesberg 9795,-30.71992; 25.09577
Norh Wes,Deached Cour,Coligny,Yes,Yes,No,No,018 673 1053,018 673 1378/1551,65 Voorrekker Sree Coligny 2725,-26.3323; 26.31589
Easern Cape,Periodical Cour,Cookhouse,No,No,No,No,See Somerse Eas,No,End Sree,E 25.80046; S -32.74986
Free Sae,Periodical Cour,Cornelia,No,No,No,No,058 913 1024,058 913 2747,7 Richerd Sree,E 28.85382; S -27.23581
Easern Cape,Magisrae Cour,Cradock,Yes,Yes,No,No,048 881 1378,048 881 2958,50 Marke Square Cradock 5880,E 25.61805; S -32.16883
Gaueng,Deached Cour,Cullinan,Yes,Yes,No,No,012 734 1024/25,012 734 1989,2 School Road Cullinan 1000,-25.67871; 28.5357
Limpopo,Periodical Cour,Cumberland,No,No,No,No,014 777 1543,014 772xa0 2523,Farm Saion near Cumberland SAPS,-23.97596; 26.9198
Easern Cape,Periodical Cour,Dalasile,No,No,No,No,See Ngcobo,No,n/a,E 28.1932; S -31.6218
Norhern Cape,Periodical Cour,Danielskuil,No,Yes (Sessions Only),No,No,053 313 1155,053 313 2580,4 Park Road Danielskuil,-28.1827; 23.54321
KwaZulu-Naal,Magisrae Cour,Dannhauser,Yes,Yes,No,No,034 621 2227,034 621 2986,6 Church Sree Dannhauser 3080,E 30.05774; S -28.01311
Wesern Cape,Periodical Cour,Darling,No,No,No,No,022 482 1121/ 1166/ 1141,022 482 4307,Main Road Darling,E 18.38266; S -33.37655
Mpumalanga,Periodical Cour,Davel,No,No,No,No,017 819 3462/ 63/66,017 819 2735,Davel SAPS Saion,-26.4479; 29.66766
Gaueng,Deached Cour,Daveyon,Yes,Yes,No,No,011 424 1200,n/a,Embusweni Road Daveyon,-26.15317; 28.41495
Norhern Cape,Magisrae Cour,De Aar,Yes,Yes,Yes,No,053 631 2184,053 631 1588,43 Voorrekker Sree De Aar 7000,-30.65054; 24.01046
Wesern Cape,Periodical Cour,De Doorns,No,No,No,No,023 342 2325,023 347 5024,53 Voorrekker Weg De Doorns,E 19.66592; S -33.47451
Norh Wes,Periodical Cour,De Wild,No,No,No,No,012 252 3223,012 252 3223,Cnr Van Velden & Cour Sree Bris 0250,-25.634779; 27.779294
Free Sae,Periodical Cour,Dealesville,No,Yes (Sessions Only),No,No,051 811 0022,051 811 0204,10 School Sree Dealesville 9348,E 25.76341; S -28.67555
Norhern Cape,Periodical Cour,Deben,No,No,No,No,053 313 1155,053 313 2580,1 Hoof Sree Dibeng,-27.59847; 22.88326
Norh Wes,Magisrae Cour,Delareyville,Yes,Yes,No,No,053 948 9300,053 948 0904,23 General Delarey Sree Delareyville 2770,-26.68668; 25.4575
Mpumalanga,Magisrae Cour,Delmas,Yes,Yes,No,No,013 665 2081/ 2082/ 2042,013 665 5778,1 Dolomie Sree Delmas 2210,-26.14527; 28.68632
Norhern Cape,Periodical Cour,Delporshoop,No,No,No,No,053 531 0621/23,053 531 0812,4 Schols Sree Delporshoop,-28.41655; 24.30995
Gaueng,Periodical Cour,Devon,No,No,No,No,011 814 8261-3,011 814 5488,c/o Tria & Selbourne Srees Devon,-26.3565; 28.78579
Free Sae,Magisrae Cour,Dewesdorp,Yes,Yes,No,No,051 541 0021,051 541 0754,16 Church sree Dewesdorp 9940,E 26.66253; S -29.58432
Mpumalanga,Branch Cour,Dienjie,No,No,No,No,013 799 0211/0212,013 799 0211/0212,Nex o Police Saion,-24.61497; 30.80556
Easern Cape,Branch Cour,Dimbaza,No,No,No,No,See Zwelisha,No,Nex o SAPS,E 27.20609; S -32.83299
Mpumalanga,Periodical Cour,Dirkiesdorp,No,No,No,No,017 730 0156,017 730 0147,Main Road (R543) SAPS Dirkiesdorp,-27.173453; 30.402433
KwaZulu-Naal,Periodical Cour,Donnybrook,No,No,No,No,039 832 0016/0047,039 832 9461,Old Main Road Donnybrook,E 29.87935; S -29.92981
Easern Cape,Magisrae Cour,Dordrech,Yes,Yes,No,No,045 943 1008,045 943 1661/5,Mark Plein Nr 2 Dordrech 5435,E 27.04856; S -31.3747
Limpopo,Periodical Cour,Dorse,No,No,No,No,014 717 5316,014 717 5369,Off he R33,-24.06071; 28.16088
Norhern Cape,Magisrae Cour,Douglas,Yes,Yes,No,No,053 298 1011,053 298 2809,14 Rhodes Sree Douglas 8730,-29.05633; 23.77443
Wesern Cape,Periodical Cour,Drakensein Prison,No,No,No,No,021 872 3127,021 872 9116,Cnr Marke Sree & Berg Rivier Boulevard Paarl 7622,No
KwaZulu-Naal,Branch Cour,Dududu,No,Yes (Sessions Only),No,No,039 974 0142,039 974 0146,P77 Dududu Main Road Scoburgh 4180,No
KwaZulu-Naal,Branch Cour,Dukuza,No,No,No,No,036 438 6063/4,036 438 6063,Dukuza Township Bergville 3350,E 29.20827; S -28.74964
Mpumalanga,Periodical Cour,Dullsroom,No,No,No,No,013 253 1138/ 1147,013 253 0035,175 Voorrekker Sree Dullsroom,-25.4183; 30.10481
KwaZulu-Naal,Magisrae Cour,Dundee,Yes,Yes,No,No,034 212 1179,034 218 2494,34 Beaconsfield Sree Dundee 3000,E 30.23336; S -28.16163
Gaueng,Periodical Cour,Dunnoar,No,No,No,No,011 814 8261-3,011 814 5488,23 Porer Road Dunnoar,-26.35112; 28.43841
KwaZulu-Naal,Magisrae Cour,Durban,Yes,Yes,Yes,No,031 302 4111,031 332 5006,Cnr Somseu & Sanger Sree Durban 4001,E 31.02868; S -29.84468
Easern Cape,Magisrae Cour,Duywa,Yes,Yes,No,No,047 489 1234,047 489 1449,Nex o Police Saion Iduywa 5000,E 28.30459; S -32.09893
Limpopo,Periodical Cour,Dwaalboom,No,No,No,No,014 777 1543,014 772xa0 2523,SAPS Dwaalboom,-24.72723; 26.80745
Limpopo,Magisrae Cour,Dzanani,Yes,Yes,No,No,015 970 4005,015 970 4332,Makadu Locaion Road D3669 [Hillside Sree Louis Trichard 0920,-22.89556; 30.03808
Limpopo,Periodical Cour,Dzumeri,No,No,No,No,015 812 3275,015 812 0423,Dzumeri Tribal Council,-23.30713; 30.70588
Easern Cape,Magisrae Cour,Eas London,Yes,Yes,Yes,No,043 702 8000,043 743 0840,4 Buffalo Sree Eas London 5200,E 27.90373; S -33.02075
Free Sae,Magisrae Cour,Edenburg,Yes,Yes,No,No,051 743 1102,051 743 1122,21 Van Dyk Sree Edenburg 9908,E 25.93777; S -29.73755
Gaueng,Branch Cour,Edenvale,No,No,No,No,011 453 9996,011 453 9996,Cnr Linksfield & 1s Avenue Edenvale 1609,-26.149515; 28.150312
Free Sae,Periodical Cour,Edenville,No,Yes,No,No,056 631 0014,056 631 0393,1 Jordan Sree Edenville 9535,E 27.67431; S -27.55514
Mpumalanga,Magisrae Cour,Eersehoek,Yes,Yes,Yes,Yes,017 883 0090/ 9802,017 883 0091/1283,Sand No. 9 Police Saion Road Elukwaini 1192,-26.06114; 30.78769
Gaueng,Deached Cour,Ekangala,Yes,Yes,No,Yes,013 934 4249/50,013 930 0238,4995 Secion D Ekangala 1021,-25.691407; 28.742122
KwaZulu-Naal,Branch Cour,Ekuvukeni,No,No,No,No,034 261 1039,034 261 1695,Nex o Ekuvukeni Police Saion Wasbank Ekuvukeni 3381,E 30.15579; S -28.46148
KwaZulu-Naal,Periodical Cour,Elandslaage,No,No,No,No,036 637 6771/2; 637 6763/4,036 631 0498,Old Main Road Elandslaage,E 29.95882; S -28.4012
Limpopo,Magisrae Cour,Elim,Yes,Yes,No,No,015 556 4091/4052,015 556 4110,Near Waerval Police Saion,-23.15916; 30.07591
Easern Cape,Magisrae Cour,Ellio,Yes,Yes,No,No,045 931 1013,045 931 1312,34 Voorrekker Sree Ellio 5460,E 27.85056; S -31.33314
Easern Cape,Magisrae Cour,Elliodale,Yes,Yes,No,No,047 577 0003,047 577 0344,Erf 91 Main Sree Elliodale 5070,E 28.68471; S -31.96836
Mpumalanga,Magisrae Cour,Emgwenya,Yes,Yes,No,No,013 257 0004,013 257 0670,1 Third Avenue Waerval Boven 1195,-25.64478; 30.32519
KwaZulu-Naal,Magisrae Cour,Emlazi,Yes,Yes,Yes,No,031 907 3955/ 1670,031 907 1480,V 1318 Mangosuhu High Way Umlazi 4066,E 30.92513; S -29.96176
KwaZulu-Naal,Magisrae Cour,Empangeni,Yes,Yes,No,No,035 772 1711/2/3,035 792 2527,6 Union Sree Empangeni 3880,E 31.89248; S -28.74345
Mpumalanga,Magisrae Cour,Ermelo,Yes,Yes,No,No,017 819 3462/ 63/66,017 819 2735,17 Jan van Riebeeck Sree Ermelo 2350,-26.52318; 29.98344
KwaZulu-Naal,Magisrae Cour,Eshowe,Yes,Yes,No,No,035 474 1127/8,035 474 4367,c/o Main & William Chadwick Srees Eshowe 3815,E 31.45578; S -28.90295
KwaZulu-Naal,Branch Cour,Esikhawini,No,No,No,No,035 796 0122,035 796 2074,H11 Ilanda Sree Esikhawini 3887,No
KwaZulu-Naal,Magisrae Cour,Escour,Yes,Yes,No,No,036 352 3030/3032,036 352 1270,172 Alber Sree Escour 3310,E 29.87265; S -29.00583
Mpumalanga,Magisrae Cour,Evander,Yes,Yes,No,Yes,017 632 2204,017 632 2835,Cnr Solly Zwane S & Bologna Sree Evander 2280,-26.46967; 29.10738
Free Sae,Magisrae Cour,Excelsior,Yes,Yes,No,No,051 973 0017,051 973 0518,Commission Sree Excelsior 9760,E 27.06033; S -28.93859
KwaZulu-Naal,Deached Cour,Ezakheni,No,Yes,No,No,036 636 1312/3,036 636 2286,797 Ingonyama Sree Opposie SAPS Ezakheni 3381,E 29.92848; S -28.59661
Easern Cape,Branch Cour,Ezibeleni,No,No,No,No,047 873 1065,047 873 2239,Nlabahi Sree Ezibeleni 5326,E 26.95343; S -31.91099
Mpumalanga,Magisrae Cour,eMakhazeni,Yes,Yes,No,No,013 253 1138/ 1147,013 253 0035,100 Van Riebeeck Sree Belfas 1100,-25.69342; 30.03615
Mpumalanga,Magisrae Cour,eMalahleni,Yes,Yes,No,No,013 656 2221/ 2222/ 2223/ 2240/ 2249,013 656 5023,14 Delville Sree eMalahleni 1035,-25.8761; 29.2126
Mpumalanga,Periodical Cour,eManzana,No,No,No,No,017 843 1033,017 843 2500,SAPS Roberson Sree Badplaas,-25.95844; 30.56844
Mpumalanga,Magisrae Cour,eMkhondo,Yes,Yes,No,No,017 826 2085,017 826 2085 Tel/Fax,23 Church Sree Pie Reief 2380,-27.00406; 30.80305
Mpumalanga,Periodical Cour,eNokozweni,No,No,No,No,013 253 1138/ 1147,013 253 0035,8 Plein Sree Machadodorp,-25.66838; 30.25337
Free Sae,Magisrae Cour,Fauresmih,Yes,Yes,No,No,051 723 0002,051 723 0103,52 Voorrekker Sree Fauresmih 9978,E 25.31177; S -29.74652
Free Sae,Magisrae Cour,Ficksburg,Yes,Yes,No,No,051 933 2201,051 933 4479,16 Voorrekker Sree Ficksburg 9730,E 27.87423; S -28.87131
Easern Cape,Magisrae Cour,Flagsaff,Yes,Yes,No,No,039 252 0127/ 0188,039 252 0182,Main Sree (R61) Flagsaff 4810,E 29.5007; S -31.08061
Gaueng,Deached Cour,Fochville,No,Yes,No,No,018 771 2017,018 771 4188,Cnr Losberg Avenue & 9h Sr Fochville 2515,-26.49291; 27.49447
Wesern Cape,Periodical Cour,Formosa,No,No,No,No,044 382 1141/ 2/3,044 382 2708,c/o Jackson & Main Pleenberg Bay,E 23.37173; S -34.05771
Easern Cape,Magisrae Cour,For Beaufor,Yes,Yes,No,No,046 645 1104,046 645 4075,Marke Sree 4 For-Beaufor 5720,E 26.63076; S -32.77756
Free Sae,Magisrae Cour,Fouriesburg,Yes,Yes,No,No,058 223 0203 / 303 5386,058 223 0652,40 Reiz Sree Fouriesburg 9725,E 28.20728; S -28.61974
Free Sae,Magisrae Cour,Frankfor,Yes,Yes,No,No,058 813 1000,058 813 1638,24 Van Reenen Sree Frankfor 9830,E 28.49206; S -27.27686
Wesern Cape,Periodical Cour,Franschoek,No,No,No,No,021 872 3127,021 872 9116,n/a,E 19.1491; S -33.902
Norhern Cape,Magisrae Cour,Fraserburg,Yes,Yes,No,No,023 741 1008,023 741 1049,54 Voorrekker Sree Fraserburg 6960,-31.91361; 21.5125
Limpopo,Magisrae Cour,Ga-Kgapane,Yes,Yes,No,No,015 328 3002/ 3768/ 3814,015 328 3002,Nex o Bolobedu Police Saion Ga-Kgapane 0838,-23.64425; 30.22234
Limpopo,Periodical Cour,Ga-Maleboho,No,No,No,No,015 505 3151/ 52,015 505 3153,SAPS Maleboho Eldorado village RADITSHABA 0718,-22.98094; 28.93737
Limpopo,Periodical Cour,Ga-Malala,No,No,No,No,015 223 5112/ 6087/ 6335,015 223 5101,Nex o Police Saion,-23.67473; 29.0319
Mpumalanga,Magisrae Cour,Ga-Nala,Yes,Yes,No,No,017 648 2196/7,017 648 3532,c/o Llewellyn & Bronwyn Sree Kriel 2271,-26.25121; 29.25995
Norh Wes,Deached Cour,Ga-Rankuwa,Yes,Yes,No,Yes,012 700 8200,012 703 2223/3189,8835 Nlasang Sree Zone 5 Ga-Rankuwa 0208,-26.60997; 24.17689
Norhern Cape,Branch Cour,Galeshewe Communiy Cour,No,Yes,Yes,No,See Kimberley,See Kimberley,See Kimberley,-28.7155; 24.7234
Norh Wes,Magisrae Cour,Ganyesa,Yes,Yes,No,No,053 998 8100,053 998 3302,Nex o Pos Office Main Road Ganyesa 8613,-25.59571; 28.00104
Free Sae,Periodical Cour,Gariepdam,No,Yes (Sessions Only),No,No,051 773 0002,051 773 0028,Jan Groeinjie Sree,E 25.49165; S -30.59144
Norhern Cape,Periodical Cour,Garies,No,Yes (Sessions Only),No,No,027 652 1013,027 652 1123,20 Hoof Sree Garies,-30.5595; 17.9898
Easern Cape,Branch Cour,Gelvandale,No,No,No,No,See Por Elizabeh,No,C/O Regional Road and Voisin Sree,E 25.54973; S -33.90995
Wesern Cape,Periodical Cour,Genadendal,No,No,No,No,028 212 1076,028 214 1630,n/a,E 19.5394; S -34.0655
Wesern Cape,Magisrae Cour,George,Yes,Yes,No,No,044 802 5800,044 802 5861,c/o 130 York & Courney Sree George 6530,E 22.45979; S -33.95591
Gaueng,Deached Cour,Germison,Yes,Yes,No,Yes,011 873 0500,011 825 4606,78B Presiden Sree Germison 1401,-26.214949; 28.162895
Gaueng,Deached Cour,Germison Hardach Sree,No,No,No,No,011 873 0195/ 8685 / 8697,011 873 5497,Hardach  Sree Germison 1401,-26.205667; 28.159614
Limpopo,Periodical Cour,Gilead,No,No,No,No,015 483 0302/3,015 483 0302 Tel/Fax,Nex o N11,-23.48723; 28.65612
KwaZulu-Naal,Periodical Cour,Gingindlovu,No,No,No,No,035 340 1415,035 340 1253,Foxon Sr Gingindlovu,E 31.58156; S -29.02721
Limpopo,Magisrae Cour,Giyani,Yes,Yes,No,Yes,015 812 3276/ 0420/ 0421,015 812 0423,Sand 67 Uni BA Main Road Nex o Hospial Giyani 0826,-23.31234; 30.69439
KwaZulu-Naal,Magisrae Cour,Glencoe,Yes,Yes,No,No,034 393 1164/1190,034 393 2147,Jusice Lane c/o Jusice & Biggar Srees Glencoe 2930,E 30.15094; S -28.17633
KwaZulu-Naal,Periodical Cour,Glucksad,No,No,No,No,034 981 4911/4912/9809,034 980 9203,n/a,E 31.03228; S -27.97621
Free Sae,Periodical Cour,Goedemoed,No,No,No,No,051 663 0291,051 663 0536,A Avenue No 3 SAPS,E 26.40366; S -30.55931
Wesern Cape,Magisrae Cour,Goodwood,Yes,Yes,No,No,021 591 3171/ 3172 /3174,021 592 4064,273 Voorrekker Sree (c/o Voorrekker & Moleno) Goodwood 7460,E 18.56515; S -33.90897
Easern Cape,Magisrae Cour,Graaff-Reine,Yes,Yes,No,No,049 892 2263,049 892 2377,26 Church Sree Graaff-Reine 6280,E 24.53531; S -32.25167
Wesern Cape,Deached Cour,Grabouw,No,Yes,No,No,021 859 3661/ 4461,021 859 1675,31 Main Road Grabouw 7160,E 19.01825; S -34.15382
Easern Cape,Magisrae Cour,Grahamsown,Yes,Yes,No,No,046 622 7303,046 622 5543,119A High Sree  Grahamsown 6140,E 26.52384; S -33.31117
Mpumalanga,Branch Cour,Graskop,No,Yes (Sessions Only),No,No,013 767 1221,013 767 1221 Tel/Fax,19 Monumen Avenue Graskop 1270,-24.93434; 30.83992
Limpopo,Periodical Cour,Graveloe,No,Yes (Sessions Only),No,No,015 781 2731,015 781 1819,1 Hardekool Sree Graveloe,-23.95181; 30.61314
Wesern Cape,Periodical Cour,Grea Brak River,No,No,No,No,044 693 3113/ 3140/ 3056,044 693 2891,113 Lang Sree Grea Brak River,E 22.21892; S -34.05467
KwaZulu-Naal,Magisrae Cour,Greyown,Yes,Yes,No,No,033 413 1122/3,033 413 1122,55 Bell (c/o Bell & Pine) Sree Greyown 3250,E 30.59354; S -29.05946
Norhern Cape,Magisrae Cour,Griekwasad,Yes,Yes,No,No,053 343 0007,053 343 0531,19 Hoof Sree Griquaown 8365,-28.84843; 23.25136
Limpopo,Magisrae Cour,Groblersdal,Yes,Yes,Yes,Yes,013 262 2033/ 34,013 262 3000,13 Taue Sree (cnr Taue & Van Riebeeck Sr) Groblersdal 0470,-25.16838; 29.39426
Norhern Cape,Deached Cour,Groblershoop,Yes,Yes,No,No,054 833 0140/0430,054 833 0431,1 Main Road Groblershoop 8850,-28.89337; 21.98279
Norh Wes,Deached Cour,Groo Marico,No,Yes,No,No,014 503 0016,014 503 0094,86 Voorrekker Sree Nex o Groo Marico SAPS,-25.59915; 26.41841
Wesern Cape,Branch Cour,Guguleu Communiy Cour,No,No,No,No,021 799 1800,021 762 7842,n/a,E 18.5951; S -33.9929
Limpopo,Periodical Cour,Haenersburg,No,No,No,No,015 294 6000,015 294 6074,Rush Sree Haenersburg,-23.94078; 29.94045
Limpopo,Periodical Cour,HaMakuya,No,No,No,No,015 962 5550,015 962 5566,SAPS Makuya Mhiphu Sree on he R523 HaMakuya,-22.65219; 30.8274
Easern Cape,Magisrae Cour,Hankey,Yes,Yes,No,No,042 284 0303,042 284 0093,Phillip Sree Hankey 6350,E 24.8843; S -33.83365
Norhern Cape,Magisrae Cour,Hanover,Yes,Yes,No,No,053 643 0001,053 643 0605,1 Church Sree Hanover 7005,-31.06662; 24.44278
KwaZulu-Naal,Magisrae Cour,Harding,Yes,Yes,No,No,039 433 1009,039 433 1900,Main Road Harding 4680,E 29.88255; S -30.57632
Free Sae,Magisrae Cour,Harrismih,Yes,Yes,No,No,058 623 0627,058 623 0669,39 Souhey Sree Harrismih 9880,E 29.12825; S -28.26868
Norh Wes,Periodical Cour,Harbeespoor Dam,No,No,No,No,012 252 3223,012 252 3223,Cnr Van Velden & Cour Sree Bris 0250,-25.634779; 27.779294
Norh Wes,Periodical Cour,Hareeesfonein,No,No,No,No,018 464 9200 018 464 9211,018 462 4275,c/o Du Toi Sree and Voorrekker Sree Harebeesfonein,-26.75795; 26.42585
Norhern Cape,Magisrae Cour,Harswaer,Yes,Yes,No,No,053 474 0922,053 474 0941,c/o Jan Viljoen & Srydom Sree Harswaer 8570,-27.75307; 24.80513
Gaueng,Branch Cour,Hafield,No,No,No,No,012 342 0059/ 012 319 4136 (PTA),012 342 9961,Cnr Burnee & Park Sree Hafield 0083,-25.75026; 28.22885
Mpumalanga,Branch Cour,Hazyview,No,No,No,No,013 751 1147/8,013 750 0426,Near SAPS Sand 16 Chief Mgiyeni Khumalo Drivexa0Whie River 1240,-25.046119; 31.128727
Gaueng,Magisrae Cour,Heidelberg [GP,Yes,Yes,No,Yes,016 349 1930-3/ 6655,016 349 6386,62 Begeman & Ueckerman Sree Heidelberg 1438,-26.49941; 28.35462
Wesern Cape,Magisrae Cour,Heidelberg [WC,Yes,Yes,No,No,028 722 1927/2874,028 722 2374,52 Van Riebeeck Sree Heidelberg 6665,E 20.95606; S -34.08918
Free Sae,Magisrae Cour,Heilbron,Yes,Yes,No,No,058 852 2004,058 852 1504,32 Els Sree Heilbron 9650,E 27.96705; S -27.28347
Mpumalanga,Branch Cour,Hendrina,No,Yes (Sessions Only),No,No,013 293 0054,013 293 0521,35 Church Sree Hendrina 1095,-26.16026; 29.71638
Free Sae,Magisrae Cour,Hennenman,Yes,Yes,No,No,057 573 1137,057 573 2447,3 Boha Sree Hennenman 9445,E 27.02596; S -27.97909
Wesern Cape,Magisrae Cour,Hermanus,Yes,Yes,No,No,028 312 3713,028 313 1034,63 Main Road Hermanus 7200,E 19.23684; S -34.41911
Free Sae,Periodical Cour,Herzogville,No,Yes (Sessions Only),No,No,053 421 9016,053 421 9016,10 Srauss Sree Herzogville 9482,E 25.50411; S -28.12734
Norhern Cape,Periodical Cour,Heunigvlei,No,No,No,No,053 773 1868/ 1869/ 1307/ 1550,053 773 1502/1156,n/a,-26.29345; 23.17933
KwaZulu-Naal,Periodical Cour,Hibberdene,No,No,No,No,039 978 9400,039 978 3258,11 Minerva Cresen Hibberdene,E 30.57074; S -30.57749
KwaZulu-Naal,Periodical Cour,Highflas,No,No,No,No,See Ixopo,See Ixopo,Main Road Highflas,E 30.19244; S -30.25927
Gaueng,Branch Cour,Hillbrow,No,No,No,No,011 642 4441/2,011 642 2025 /0865071283,c/o 32 Sam Hancock & Queen Sree Hillbrow 2038,-26.18722; 28.04465
KwaZulu-Naal,Magisrae Cour,Himeville,Yes,Yes,No,No,033 702 1303,033 702 1430,5 George Sree Himeville 3256,E 29.51316; S -29.74987
KwaZulu-Naal,Branch Cour,Hlabisa,No,No,No,No,035 838 1022/3/4,035 838 1179/1027,Lo 318 Saunders Sree Hlabisa 3937,E 31.87623; S -28.14621
KwaZulu-Naal,Magisrae Cour,Hlanganani [KZN,Yes,Yes,No,No,039 832 0032,039 832 9461,Bulamain Road Polela Cenre Hlanganani Esablishmen Hlanganani 3244,E 29.85464; S -29.76427
KwaZulu-Naal,Periodical Cour,Hlobane,No,No,No,No,034 981 4911/4912/9809,034 980 9203,n/a,E 31.00982; S -27.73714
KwaZulu-Naal,Periodical Cour,Hluhluwe,No,No,No,No,035 550 0065,035 550 1526,Old Main Road Hluhluwe,E 32.26811; S -28.01969
Free Sae,Periodical Cour,Hobhouse,No,Yes (Sessions Only),No,No,051 983 0110,051 983 0031,27 Muller Sree Hobhouse 9740,E 27.14363; S -29.52988
Limpopo,Branch Cour,Hoedsprui,No,Yes (Sessions Only),No,No,015 781 2731,015 781 1819,c/o Moose and Ohrigsad Sree (R527) Hoedsprui,-24.35398; 30.951
Easern Cape,Magisrae Cour,Hofmeyr,Yes,Yes,No,No,048 885 0007,048 885 0288 Tel/Fax,Voorrekker Sree Hofmeyr 5930,E 25.8038; S -31.65331
Free Sae,Magisrae Cour,Hoopsad,Yes,Yes,No,No,053 444 1882,053 444 1743,12 Van Zyl Sree Hoopsad 9479,E 25.90564; S -27.83609
Wesern Cape,Magisrae Cour,Hopefield,Yes,Yes,No,No,022 723 0506,022 723 1522/0866445110,24 Voorrekker Road Hopefield 7355,E 18.35107; S -33.06274
Norhern Cape,Magisrae Cour,Hopeown,Yes,Yes,No,No,053 203 0000,053 203 0453,1 Cahcar Sree Hopeown 8750,-29.62108; 24.08467
KwaZulu-Naal,Magisrae Cour,Howick,Yes,Yes,No,No,033 330 2117/ 083 658 4359,033 330 7155,Morling Sree Howick 3290,E 30.23121; S -29.48788
Easern Cape,Magisrae Cour,Humansdorp,Yes,Yes,No,No,042 291 0259,042 291 0732,Du Plessis Sree Humansdorp 6300,E 24.77218; S -34.02845
Norh Wes,Branch Cour,Ikageng,No,No,No,No,See Pochefsroom,See Pochefsroom,SAPS Ikageng Cnr Lekhele & Mogosi Sree Pochefsroom,-26.719846; 27.062409
KwaZulu-Naal,Magisrae Cour,Impendle,Yes,Yes,No,No,033 996 0604/0015,033 996 0462,23 Mafahlane Road Impendle 3227,E 29.86722; S -29.5986
Easern Cape,Magisrae Cour,Indwe,Yes,Yes,No,No,045 952 1014,045 952 1132,23 Voorrekker Sree Indwe 5445,E 27.33987; S -31.46951
KwaZulu-Naal,Magisrae Cour,Ingwavuma,Yes,Yes,No,No,035 591 0105/6,035 591 0071,Main Road Ingwavuma 3968,E 31.99678; S -27.13309
KwaZulu-Naal,Branch Cour,Inkanyezi,No,No,No,No,035 474 2171/2,035 474 4745,King Dinuzulu Township Iknayezi Sree Eshowe 3815,E 31.49991; S -28.8899
Easern Cape,Periodical Cour,Insikeni,No,No,No,No,See Bizana,No,n/a,E 29.55799; S -30.13761
KwaZulu-Naal,Periodical Cour,Inyono,No,No,No,No,035 340 1415,035 340 1253,n/a,E 31.46347; S -29.0798
Norh Wes,Deached Cour,Isoseng,Yes,Yes,No,No,018 338 0100,018 338 2308,2338 Ramaboa Sree Zone 3 Isoseng 2744,-26.50452; 25.37035
KwaZulu-Naal,Magisrae Cour,Ixopo,Yes,Yes,No,No,039 834 2017/8; 834 2173/4/5,039 834 1960,52 Margare Sree Ixopo 3276,E 30.05953; S -30.15172
KwaZulu-Naal,Branch Cour,Izingolweni,No,No,No,No,039 534 1100,039 534 1168,Main Road Izingolweni 4260,E 30.12892; S -30.78542
Free Sae,Magisrae Cour,Jacobsdal,Yes,Yes,No,No,053 591 0034,053 591 0554 / 0866447672,6 Andries Preorius Sree Jacobsdal 8710,E 24.77447; S -29.13057
Free Sae,Magisrae Cour,Jagersfonein,Yes,Yes,No,No,051 724 0002,051 723 0103,12 Klooser Conven Sree Jagersfonein 9974,E 25.42807; S -29.75943
Easern Cape,Periodical Cour,Jamesown,No,Yes (Sessions Only),No,No,051 641 0712,051 641 0931,Aliwal Road  Jamesown 9742,E 26.81013; S -31.1203
Norhern Cape,Deached Cour,Jan Kempdorp,Yes,Yes,No,No,053 456 0361,053 456 0051,2 Pie Reief Sree Jan Kempdorp 8550,-27.9164; 24.83714
Easern Cape,Magisrae Cour,Jansenville,Yes,Yes,No,No,049 836 0012,049 836 0260,46 Main Sree Jansenville 6265,E 24.66629; S -32.9459
Gaueng,Branch Cour,Jeppe,No,No,No,No,011 618 4516,011 614 5622,225 Marke Sree Jeppesown 2043,-26.20242; 28.06043
Norh Wes,Periodical Cour,Jericho,No,No,No,No,012 700 8255,012 703 2223/3189,1874 Vuka Secion Jericho,-25.34307; 27.81429
Gaueng,Magisrae Cour,Johannesburg,Yes,Yes,Yes,Yes,011 491 5000 / 011 639 0301 Family Cour,011 834 1222 /011 836 0671 Family Cour,26 Fox Sree (Cnr Fox & Wes Sree) Johannesburg 2000,-26.20798; 28.03468
Easern Cape,Magisrae Cour,Jouberina,Yes,Yes,No,No,042 273 1306,042 273 1128,8 Van Riebeeck Sree Jouberina 5235,E 23.85433; S -33.82494
Mpumalanga,Magisrae Cour,Kabokweni,Yes,Yes,No,No,013 796 0261,013 796 0881/ 0865077652,Sand 1212 Kabokweni 1245,-25.347; 31.12391
Gaueng,Deached Cour,Kagiso,Yes,Yes,No,Yes,011 410 1485,011 410 0552,23 Kagiso Avenue Krugersdorp 1739,-26.15126; 27.78797
Norhern Cape,Deached Cour,Kakamas,Yes,Yes,No,No,054 431 0705,054 431 1306,26 Voorrekker Sree Kakamas 8870,-28.77405; 20.62247
Mpumalanga,Branch Cour,Kanyamazane,No,No,No,No,013 796 0261,013 796 0881/ 0865077652,Cnr Cobra & Wasp Sree Kanyamazane,-25.46513; 31.18456
Easern Cape,Periodical Cour,Kareedouw,No,Yes (Sessions Only),No,No,See Humansdorp,No,13 Eendrach Sree,E 24.29437; S -33.95385
Norhern Cape,Deached Cour,Kahu,Yes,Yes,Yes,No,053 723 3221,053 723 3223,Hendrik van Eck Road Kahu 8446,-27.69962; 23.04522
Easern Cape,Periodical Cour,Kei Mouh,No,No,No,No,See Komga,No,Main Sree (R349),E 28.37484; S -32.67945
Norhern Cape,Deached Cour,Keimoes,Yes,Yes,No,No,054 461 1221,054 461 1582,42 Main Sree Keimoes 8860,-28.70675; 20.96795
Easern Cape,Magisrae Cour,Keiskammahoek,Yes,Yes,No,No,040 658 0204,040 658 0395,Cemeery Avenue  Keiskammahoek 5670,E 27.14602; S -32.67995
Gaueng,Magisrae Cour,Kempon Park,Yes,Yes,No,Yes,011 395 6300,011 394 2507,17 Monumen Road Kempon Park 1620,-26.10212; 28.2326
Norhern Cape,Magisrae Cour,Kenhard,Yes,Yes,No,No,054 651 0024,054 651 0232,Brussel Sree Kenhard 8900,-29.34709; 21.15304
Easern Cape,Periodical Cour,Kenon on Sea,No,No,No,No,See Por Alfred,No,Oele Sree,E 26.66734; S -33.68039
Free Sae,Periodical Cour,Kesell,No,No,No,No,058 653 1116,058 653 1680,53 Van Rensburg Sree Kesell 9860,E 28.70317; S -28.31196
Gaueng,Branch Cour,Kgosi Mampuru,No,No,No,No,012 319 4000,012 328 6546,Cnr Kgosi Mampuru & Klawer Sree Preoria 001,-25.76048; 28.1814
Wesern Cape,Deached Cour,Khayelisha,Yes,Yes,No,No,021 360 1400,021 360 1412,c/o Seve Biko & Waler Sisulu Sree Khayelisha 7784,E 18.67645; S -34.04751
Gaueng,Branch Cour,Khusong,No,No,No,No,018 783 2609,018 783 2938 Police Saion,01 Sompane Sree Nex o Khusong Police Saion,-26.34324; 27.33109
Norhern Cape,Magisrae Cour,Kimberley,Yes,Yes,Yes,No,053 807 0600 / 073-1133360,053 833 2576/ 832 7404,c/o Knigh & Sead Sree Kimberley 8300,-28.73665; 24.76609
Easern Cape,Magisrae Cour,King William’s Town,Yes,Yes,No,No,043 642 3548,043 642 1015,117 Alexandra Road King Williams own 5600,E 27.38756; S -32.87222
Easern Cape,Periodical Cour,Kinkelbos,No,No,No,No,See Alexandria,No,R72 (N2 from Grahamsown o PE),E 25.87832; S -33.64668
Easern Cape,Magisrae Cour,Kirkwood,Yes,Yes,No,No,042 230 0313,042 230 0576,Middle Sree Kirkwood 6120,E 25.44367; S -33.39882
Wesern Cape,Periodical Cour,Klawer,No,No,No,No,027 219 1002,027 219 1563,25 Niewoud Sree Klawer,E 18.62488; S -31.77277
Norh Wes,Magisrae Cour,Klerksdorp,Yes,Yes,Yes,Yes,018 464 9200 018 464 9211,018 462 4275,27 OR Tambo Sree Klerksdorp 2570,-26.86611; 26.66495
Norh Wes,Periodical Cour,Klerkskraal,No,No,No,No,018 264 2036/7,018 264 2404,N14 Krugersdorp and Venersdorp Klerkskraal,-26.25171; 27.1634
Easern Cape,Periodical Cour,Klipplaa,No,Yes (Sessions Only),No,No,See Jansenville,No,Nex o SAPS R338,E 24.33273; S -33.02154
Gaueng,Branch Cour,Klipown,No,Yes (Sessions Only),No,Yes,011 945 1164,011 945 6381,49 Beacon Road Klipown 1812,-26.28322; 27.8874
Wesern Cape,Magisrae Cour,Knysna,Yes,Yes,No,No,044 382 1141/ 2/3,044 382 2708,11 Main Sree Knysna 6570,E 23.0523; S -34.03638
Free Sae,Magisrae Cour,Koffiefonein,Yes,Yes,Yes,No,053 205 0002,053 205 0042,6 Hampden Sree Koffiefonein 9986,E 25.00256; S -29.40947
KwaZulu-Naal,Magisrae Cour,Koksad,Yes,Yes,No,No,039 727 2010/ 2011,039 727 1642,5 Barker Sree Koksad 4700,E 29.4257; S -30.55084
Mpumalanga,Periodical Cour,Komai,No,No,No,No,013 283 7500,013 282 5377,SAPS Blinkpan,-26.09934; 29.45108
Mpumalanga,Periodical Cour,Komaipoor,No,No,No,No,013 712 2104/ 3284/ 3267,013 712 5122,09 Louw Sree near SAPS Komaipoor,-25.43561; 31.95529
Easern Cape,Magisrae Cour,Komga,Yes,Yes,No,No,043 831 1019,043 831 1281,1 Governmen Avenue Komga 4950,E 27.89227; S -32.57581
Free Sae,Magisrae Cour,Koppies,Yes,Yes,No,No,056 777 1814,056 777 2578,Church Sree Koppies 9540,E 27.57517; S -27.24207
Norh Wes,Magisrae Cour,Koser,Yes,Yes,No,No,014 543 2024/2357,014 543 4880,46 Malan Sree Koser 0348,-25.86492; 26.89701
KwaZulu-Naal,Magisrae Cour,Kranskop,Yes,Yes,No,No,033 444 1603,033 444 1330,1 Main Sree Kranskop 3268,E 30.86267; S -28.96662
Free Sae,Magisrae Cour,Kroonsad,Yes,Yes,No,No,056 212 4161,056 212 6706,Cnr Mark & Murray Sree Kroonsad 9500,E 27.2333; S -27.66915
Gaueng,Magisrae Cour,Krugersdorp,Yes,Yes,No,Yes,011 660 3711/3,011 665 5013,cnr  Commissioner and Biccard Srees Krugersdorp 1739,-26.0992; 27.7673
Norhern Cape,Magisrae Cour,Kudumane,Yes,Yes,No,No,053 773 1868/ 1869/ 1307/ 1550,053 773 1502/1156,1269 Mohibi Road Kudumane 8474,-27.455252; 23.433864
Wesern Cape,Magisrae Cour,Kuilsriver,Yes,Yes,No,No,021 903 7902,n/a,122 Van Riebeeck Avenue Kuils River 7580,E 18.68291; S -33.93266
Norhern Cape,Magisrae Cour,Kuruman,Yes,Yes,No,No,053 712 1081,053 712 2021,Ben Malan Sree Kuruman 8460,-27.45474; 23.43381
Gaueng,Branch Cour,Kwa Thema,No,No,No,No,011 736 4406,011 811 2296,Gobede Sree Kwa Thema 1575,-26.27947; 28.3952
Easern Cape,Branch Cour,Kwa-Nobuhle,No,No,No,No,See Uienhage,No,Pononoini Sree,E 25.39547; S -33.80844
Easern Cape,Periodical Cour,Kwaaiman,No,No,No,No,See Mqanduli,No,n/a,E 28.9781; S -31.91916
KwaZulu-Naal,Magisrae Cour,KwaDukuza,Yes,Yes,No,No,032 551 1201,032 552 1656,127 King Shaka Sree KwaDukuzaxa0 4450,E 31.29045; S -29.338
Mpumalanga,Magisrae Cour,Kwaggafonein,Yes,Yes,No,No,013 986 0131/2,013 986 0598,106C Kwaggafonein Empumalanga 0458,-25.31087; 28.94654
KwaZulu-Naal,Branch Cour,KwaMashu,No,No,No,No,See Nuzuma BC,See Nuzuma BC,1137 Nombela Road KwaMashu,E 31.00065; S -29.73654
Mpumalanga,Magisrae Cour,KwaMhlanga,Yes,Yes,No,Yes,013 947 2363/4,013 947 3490,Nr 37 Secion BA Kwamhlanga 1022,-25.43336; 28.71456
KwaZulu-Naal,Branch Cour,KwaMsane,No,No,No,No,035 551 1060/1832/1833,035 551 1467,Mfundo Sree KwamSane Mubauba 3935,E 32.13836; S -28.43328
KwaZulu-Naal,Periodical Cour,Kwambonambi,No,No,No,No,035 772 1711/2/3,035 792 2527,Main Sree Kwanbonambi,E 32.08577; S -28.59909
KwaZulu-Naal,Periodical Cour,Kwangwanase,No,Yes (Sessions Only),No,No,035 592 0119,035 592 0493,Main Road Kwangwanase 3973,E 32.74402; S -26.99695
Wesern Cape,Branch Cour,Laaiplek,No,No,No,No,022 783 0090,022 783 0829,c/o Jameson & Van Zyl Sree Laaiplek 7365,E 18.15675; S -32.77114
Wesern Cape,Magisrae Cour,Ladismih,Yes,Yes,No,No,028 551 1009/ 1019,028 551 1168,57 Queen Sree Ladismih 6655,E 21.26777; S -33.49465
Easern Cape,Magisrae Cour,Lady Frere,Yes,Yes,No,No,047 878 0011,047 878 0017,40 Indwe Road Lady Frere 5410,E 27.23713; S -31.70163
Easern Cape,Magisrae Cour,Lady Grey,Yes,Yes,No,No,051 603 0024,051 603 3019,19 Marin Sree Lady Grey 9755,E 27.21533; S -30.71058
Free Sae,Magisrae Cour,Ladybrand,Yes,Yes,No,No,051 924 3210,051 924 2474,21 Church Sree Ladybrand 9745,E 27.45637; S -29.19637
KwaZulu-Naal,Magisrae Cour,Ladysmih,Yes,Yes,No,No,036 637 6771,036 631 0498,16 Keae Sree Ladysmih 3370,E 29.77884; S -28.55928
Mpumalanga,Periodical Cour,Laersdrif,No,No,No,No,013 283 7500,013 282 5377,SAPS Laersdrif,-25.36766; 29.85622
Wesern Cape,Magisrae Cour,Laingsburg,Yes,Yes,No,No,023 551 1010/ 1481,023 551 1296,54 Saion Sree Laingsburg 6900,E 20.85924; S -33.19728
Wesern Cape,Periodical Cour,Lambers Bay,No,No,No,No,027 482 2114/5,027 482 2412,Voorrekker Sree Lambers Bay,E 18.30544; S -32.09259
Wesern Cape,Periodical Cour,Langebaan,No,No,No,No,022 723 0506,022 723 1522/0866445110,7 Anonio Seni Sree Langebaan,E 18.03574; S -33.08286
Limpopo,Periodical Cour,Leboeng,No,No,No,No,013 216 1091,013 216 1730,Mbeki SreeLeboeng Village,-24.50923; 30.64792
Limpopo,Magisrae Cour,Lebowakgomo,Yes,Yes,No,Yes,015 633 2600,015 633 7178,Nex o Mabhori Shopping Cenre Chuenespoor 0737,-24.32035; 29.47842
Wesern Cape,Periodical Cour,Leeu-Gamka,No,No,No,No,023 541 1450/ 1831,023 541 1955,n/a,E 21.9688; S -32.7661
Norh Wes,Magisrae Cour,Lehurushe,Yes,Yes,No,No,018 363 5600/1/2/3/4,018 363 3387,2520 AP Moloo Sree Lehurushe,-25.49137; 25.98336
Gaueng,Branch Cour,Lenasia,No,Yes (Sessions Only),No,No,011 854 1305,865074817,2 Saion Place (Cnr Saion & Nirvana Drive) Lenasia 1821,-26.31784; 27.82435
Limpopo,Magisrae Cour,Lenyenye,Yes,Yes,No,No,015 355 3414/5/6,015 355 3463,Cnr Magisrae & Police Sree Lenyenye 0857,-23.97211; 30.27002
Limpopo,Magisrae Cour,Lephalale,Yes,Yes,Yes,Yes,014 763 2178 / 763 1047,014 763 3840,2 Park Avenue Lephalale 0555,-23.67796; 27.73573
Mpumalanga,Periodical Cour,Leslie,No,No,No,No,017 632 2204,017 632 2835,c/o Norda & Diaz Sree SAPS Leslie,-26.36962; 28.92187
Limpopo,Periodical Cour,Lesiele,No,No,No,No,015 307 3770,015 307 4163,Jouber Sree Lesiele,-23.89401; 30.39273
Limpopo,Periodical Cour,Levubu,No,No,No,No,015 516 0181/2/3,015 516 0044,Main RoadSAPS  Levubu,-23.09212; 30.27622
Easern Cape,Magisrae Cour,Libode,Yes,Yes,No,No,047 555 0002,047 555 0101,Main Sree (R61) Libode 5160,E 29.01547; S -31.54138
Norh Wes,Magisrae Cour,Lichenburg,Yes,Yes,No,Yes,018 632 7900,018 632 3619,Landdros Maarens Avenue Lichenburg 2740,-26.15958; 26.1506
Norhern Cape,Periodical Cour,Lime Acres,No,Yes (Sessions Only),No,No,053 313 1155,053 313 2580,Senraal Weg Lime Acres,-28.35899; 23.52476
Free Sae,Magisrae Cour,Lindley,Yes,Yes,No,No,058 463 0012 / 0083,058 463 0615,20 Church Sree Lindley 9630,E 27.92125; S -27.88119
Norhern Cape,Periodical Cour,Loeriesfonein,No,Yes (Sessions Only),No,No,027 341 1017/ 2920,027 341 1483,Governmen Sree SAPS Loeriesfonein,-30.95631; 19.449
Gaueng,Branch Cour,Long Sree,No,No,No,No,011 921 2606,011 970 1437,11 Long Sree Kempon Park 1620,-26.103781; 28.229819
Mpumalanga,Periodical Cour,Lohair,No,No,No,No,017 819 3462/ 63/66,017 819 2735,No 1 Main Sree Lohair,-26.39039; 30.44042
Limpopo,Magisrae Cour,Louis Trichard,Yes,Yes,No,Yes,015 516 0181/2/3,015 516 0044,103 Munnik Sree Louis Trichard 0920,-23.03811; 29.90637
KwaZulu-Naal,Magisrae Cour,Louwsburg,Yes,Yes,No,No,034 907 5015,034 907 5901,Cnr King & Avenue Sree Louwsburg 3150,E 31.28259; S -27.58056
Mpumalanga,Periodical Cour,Low’s Creek,No,No,No,No,013 712 2104/ 3284/ 3267,013 712 5122,"""SAPS Lows Creek""",-25.64453; 31.29336
Norhern Cape,Periodical Cour,Loxon,No,Yes (Sessions Only),No,No,053 621 0007,053 621 0866,Kerk Sree Loxon,-31.47715; 22.3501
Free Sae,Periodical Cour,Luckhoff,No,No,No,No,051 723 0002,051 723 0103,cnr - Voorrekker and Fourie See,E 24.78775; S -29.75082
Limpopo,Magisrae Cour,Lulekani,Yes,Yes,No,No,015 783 0151/2,015 783 0620,Chris Hani Sree Lulekani 1392,-23.86722; 31.08087
Easern Cape,Magisrae Cour,Lusikisiki,Yes,Yes,No,No,039 253 1512,039 253 1125,c/o Sanford & Main Sree Lusikisiki 4820,E 29.57209; S -31.3646
Wesern Cape,Periodical Cour,Luzville,No,No,No,No,027 213 2010,027 213 4823,Mazikama Sree Luzville,E 18.3448; S -31.55888
Mpumalanga,Periodical Cour,Maarenshoop,No,No,No,No,013 235 2325/6/7,013 235 3411,n/a,-24.99109; 30.23391
Easern Cape,Magisrae Cour,Maclear,Yes,Yes,No,No,045 932 1012,045 932 1429,Royal Road  Maclear 5480,E 28.34554; S -31.06629
KwaZulu-Naal,Deached Cour,Madadeni,Yes,Yes,Yes,No,034 329 7500,034 314 1102,2583 Secion 2 Nex o Madadeni SAPS Madadeni 2951,E 30.02838; S -27.76073
Norh Wes,Deached Cour,Madikwe,Yes,Yes,No,No,014 553 2033/2538,014 553 2733,2 Mogakari Sree Madikwe 2840,-25.35227; 26.52444
Gaueng,Periodical Cour,Magaliesburg,No,No,No,No,011 660 3711-3,011 665 5013,5 Koser Road Magaliesburg,-25.99804; 27.53917
Limpopo,Branch Cour,Magale,No,Yes (Sessions Only),No,No,015 483 0302/3,015 483 0302 Tel/Fax,Area 7 Magale Main Road Nex o SAPS Magale,-24.45589; 29.41136
KwaZulu-Naal,Periodical Cour,Magudu,No,No,No,No,034 414 1011,034 414 1303/ 907 5901,Main Sree Magudu 3170,E 31.64893; S -27.53354
Mpumalanga,Periodical Cour,Mahamba,No,No,No,No,017 826 2085,017 826 2085 Tel/Fax,Mahamba Border Pos Mahamba,-27.10485; 31.06845
KwaZulu-Naal,Magisrae Cour,Mahlabaini,Yes,Yes,No,No,035 873 0101/2,035 873 0108,Mashona Main Road Mahlabaini 3865,E 31.46825; S -28.235
Limpopo,Magisrae Cour,Mahwelereng,Yes,Yes,Yes,Yes,015 483 0302/3,015 483 0302 Tel/Fax,Hospial Sree Mokopane 0600,-24.15216; 28.98316
Norh Wes,Periodical Cour,Makgobisad,No,No,No,No,018 387 8000,018 384 3594,Nex o he Police Saion Makgobisad,-25.75749; 25.10491
Free Sae,Deached Cour,Makwane,No,Yes,No,No,058 710 1027 / 1446,058 710 7123,Nex o Makwane Police Saion Wisieshoek 9870,E 28.88083; S -28.53359
Limpopo,Magisrae Cour,Malamulele,Yes,Yes,No,No,015 851 0022/3/4,015 851 1357,Police Hospial Road Malamulele 0982,-23.00506; 30.6887
Mpumalanga,Periodical Cour,Malelane,No,No,No,No,013 712 2104/ 3284/ 3267,013 712 5122,57 Imbane Circle Malelane,-25.49439; 31.51089
Limpopo,Periodical Cour,Malipsdrif,No,Yes (Sessions Only),No,No,015 633 7160/ 1/2/3/4,015 633 7177/8,Nex o Malipsdrif SAPS,-24.17487; 30.00271
Wesern Cape,Magisrae Cour,Malmesbury,Yes,Yes,No,No,022 482 1121/ 1166/ 1141,022 482 4307,1 Pie Reief Sree Malmesbury 7300,E 18.72991; S -33.4604
Easern Cape,Magisrae Cour,Malui,Yes,Yes,No,No,039 256 0101,039 256 0616,138 Police Saion Road Malui 4740,E 28.78665; S -30.26287
Gaueng,Deached Cour,Mamelodi,No,Yes,No,No,012 805 4001/8282,012 805 1878,20 Shabangu Ave Preoria 0122,-25.71432; 28.34785
Norh Wes,Magisrae Cour,Mankwe,Yes,Yes,Yes,Yes,014 555 5800,014 555 5804,934 Uni 1xa0 Shopping Complex  Mogwase 0314,-25.27177; 27.2379
Limpopo,Magisrae Cour,Mankweng,Yes,Yes,Yes,No,015 286 2200,015 267 1063,1057 Uni C Mankweng Sovenga 0727,-23.88197; 29.70164
Limpopo,Periodical Cour,Mansole Traffic Conrol Cenre,No,No,No,No,014 736 2231,014 736 5210/0865075648,N1 Mansole Taffic Conrol Pienaarsrivier,-25.13319; 28.30846
KwaZulu-Naal,Magisrae Cour,Mapumulo,Yes,Yes,No,No,032 481 2001,032 481 2044,R47 Main Road Mapumulo 4470,E 31.06571; S -29.1585
Limpopo,Periodical Cour,Mara,No,No,No,No,015 516 0181/2/3,015 516 0044,SAPS  Mara,-23.09121; 29.39328
Mpumalanga,Periodical Cour,Marapyane,No,No,No,No,012 717 2179/ 3364/ 3527/ 3528,012 717 5366,Neu-Halle Secion Marapyane,-25.01279; 28.80465
Limpopo,Periodical Cour,Marble Hall,No,No,No,No,013 262 2033/34,013 262 3000,147 Marble Eas Nex o SAPS Marble Hall,-24.96947; 29.2972
Norh Wes,Periodical Cour,Marikana,No,No,No,No,014 597 9400,014 592 9853/0191,Marikana Police Saion,-25.70469; 27.48588
Free Sae,Magisrae Cour,Marquard,Yes,Yes,No,No,051 991 0751,051 991 1202,6 Church Sree Marquard 9610,E 27.42927; S -28.66441
Norhern Cape,Periodical Cour,Marydale,No,Yes (Sessions Only),No,No,053 353 1105,053 353 2092,12 Cnr Connan & Van Wyk Sree Marydale,-29.40617; 22.10617
Mpumalanga,Magisrae Cour,Mashishing,Yes,Yes,No,No,013 235 2325/6/7,013 235 3411,c/o Voorrekker & De Clercq Sree Mashishing 1120,-25.09255; 30.44766
Limpopo,Periodical Cour,Masisi,No,No,No,No,015 967 0045/0038/ 0077,015 967 0085,Nex o SAPS Masisi,-22.4217; 30.86348
Mpumalanga,Branch Cour,Masoyi,No,No,Yes,No,013 796 0261,013 796 0881/ 0865077652,Nex o SAPS Masoyi,-25.16311; 31.11477
KwaZulu-Naal,Branch Cour,Maaiele,No,Yes (Sessions Only),No,No,039 737 3127,039 737 3026,101 Main Road Maaiele 4730,E 28.80729; S -30.34352
Mpumalanga,Periodical Cour,Masulu,No,No,No,No,013 796 0261,013 796 0881/ 0865077652,Cnr Madiba & Khodesa Sree Masulu,-25.51831; 31.35247
Mpumalanga,Branch Cour,Mayflower,No,No,No,No,017 883 0802/ 0803/0798,017 883 1283,A Home Affaris Building,-26.29966; 30.77571
KwaZulu-Naal,Periodical Cour,Mbazwana,No,No,No,No,035 595 1002,035 595 1165,n/a,E 32.5989; S -27.48021
Mpumalanga,Magisrae Cour,Mbombela,Yes,Yes,No,Yes,013 753 6200/99,013 755 4077/1629,22  Beser Sree Nelsprui 1200,-25.46947; 30.97802
Wesern Cape,Periodical Cour,McGregor,No,No,No,No,See Roberson,No,No,No
Easern Cape,Magisrae Cour,Mdansane,Yes,Yes,No,No,043-7085000,043 761 6651,Mazawule N1 Mdansane 5219,E 27.77629; S -32.94659
Gaueng,Branch Cour,Meadowlands,No,Yes (Sessions Only),No,No,011 536 0555,011 536 2382,Heckrood Cir Meadowlands Eas 1852,-26.22093; 27.89793
Limpopo,Branch Cour,Mecklenburg,No,No,No,No,013 216 1091,013 216 1730,R37 SAPS Moroke,-24.38702; 30.07393
KwaZulu-Naal,Magisrae Cour,Melmoh,Yes,Yes,No,No,035 450 2094/2007,035 450 3002,25 Reinhold Sree Melmoh 3835,E 31.40119; S -28.59116
Free Sae,Periodical Cour,Memel,No,Yes,No,No,058 924 0001,058 924 0266,6 Knipe Sree Memel 2970,E 29.56714; S -27.68146
Wesern Cape,Periodical Cour,Merweville,No,No,No,No,023 415 1787,023 414 4658,Voorrekker Sree Merweville,E 21.51898; S -32.66249
Gaueng,Magisrae Cour,Meyeron,No,Yes,No,No,016 362 0403,016 362 3514,Cnr Fenon & Kruger Sree Meyeronxa01960,-26.555253; 28.014649
KwaZulu-Naal,Periodical Cour,Mid-Illovo,No,No,No,No,033 212 2114/2115,033 212 2790,Main Road Mid-Illovo,E 30.50502; S -29.97061
Easern Cape,Magisrae Cour,Middelburg [EC,Yes,Yes,No,No,049 842 1555,049 842 3423,40 Loop Sree Middelburg 5900,E 25.00437; S -31.49658
Mpumalanga,Magisrae Cour,Middelburg [MP,Yes,Yes,No,Yes,013 283 7500,013 282 5377,16 Dr Beyers Naude Sree Middelburg 1050,-25.76177; 29.45718
Easern Cape,Magisrae Cour,Middledrif,Yes,Yes,No,No,040 657 3005,040 657 3034,Cnr Mangconde & Mkwayi Srees Middledrif 5685,E 26.98973; S -32.81943
Gaueng,Branch Cour,Midrand,No,No,No,No,011 805 1906,011 805 5044,Cnr old Preoria Road & Norh Sree Midrand,-25.99721; 28.12795
Wesern Cape,Magisrae Cour,Michells Plain,Yes,Yes,Yes,No,021 370 4200/ 4244,021 391 3063/ 392 5075,1s Avenue Eas Ridge Michells Plain 7785,E 18.52404; S -34.0482
Mpumalanga,Branch Cour,Mkhuhlu,No,Yes (Sessions Only),No,No,013 773 0431/0335,013 773 0430,Calcua Police Saion Mkhuhlu,-24.98733; 31.24365
Norh Wes,Magisrae Cour,Mmabaho,Yes,Yes,Yes,Yes,018 387 8000,018 384 3594,Universiy Drivexa0 Mmabaho 2735,-25.837015; 25.608403
Norhern Cape,Periodical Cour,Modder River,No,No,No,No,053 839 9100,053 833 2576/ 832 7404,3 Sasie Sree Modderrivier,-29.03226; 24.62946
Limpopo,Magisrae Cour,Modimolle,Yes,Yes,No,Yes,014 717 5316,014 717 5369,Cnr Van Emmenis & Dr J S Moroka Sree Modimolle 0510,-24.70482; 28.40787
Limpopo,Periodical Cour,Modjadjiskloof,No,No,No,No,015 307 3770,015 307 4163,Boha Sree Modjadjiskloof,-23.69583; 30.14495
Limpopo,Branch Cour,Mogwadi,No,No,No,No,015 294 6000,015 295 3286,SAPS Mogwadi 182 Keerom Sr Dendron,-23.36444; 29.32263
Limpopo,Magisrae Cour,Mokopane,Yes,Yes,No,No,015 491 2158,015 491 8111,70 Hooge Sree Mokopane 0600,-24.18494; 29.0152
Easern Cape,Magisrae Cour,Moleno,Yes,Yes,No,No,045 967 0026,045 967 0069,c/o Robinson & Smih Sree Moleno 5500,E 26.36311; S -31.3973
Wesern Cape,Magisrae Cour,Monagu,Yes,Yes,No,No,023 614 1105,023 614 3974,39 Pie Reief Sree Monagu 6720,E 20.12327; S -33.78516
KwaZulu-Naal,Magisrae Cour,Mooi River,Yes,Yes,No,No,033 263 1468/ 2767,033 263 2761,15 Cloghon Terrace Mooi River 3300,E 29.9967; S -29.207
Limpopo,Periodical Cour,Mookesi Traffic Conrol Cenre,No,No,No,No,015 395 7901,015 383 9916,Mookesi Weigh Saion Along he R81,-23.59492; 30.09923
Limpopo,Magisrae Cour,Mookgophong,No,Yes,No,No,014 743 2217/8,014 743 0367,47 5h Sree Mookgophong 0560,-24.51813; 28.71221
Wesern Cape,Magisrae Cour,Moorreesburg,Yes,Yes,No,No,022 433 1084/ 3406,022 433 1488,7 Saion Sree Moorreesburg 7310,E 18.66481; S -33.15311
Limpopo,Magisrae Cour,Morebeng,Yes,Yes,Yes,No,015 397 7200,015 874 0537,R36 Uispan Farm Doringboom Road Morebeng  0810,-23.49485; 29.93585
Mpumalanga,Periodical Cour,Morgenzon,No,Yes (Sessions Only),No,No,017 793 3013,017 793 3023,199 De Jager Sree Morgenzon 2315,-26.73589; 29.61921
Norh Wes,Periodical Cour,Morokweng,No,No,No,No,053 998 3303,053 998 3302,Morokweng Heuningvlei Road Morokweng Village,-26.13649; 23.77673
Wesern Cape,Magisrae Cour,Mossel Bay,Yes,Yes,No,No,044 693 3113/ 3140/ 3056,044 693 2891,Louis Fourie Sree Mossel Bay 6500,E 22.11853; S -34.18425
Limpopo,Periodical Cour,Moeema,No,No,No,No,013 264 8201,015 264 8225/ 0865073717,SAPS Moeema,-25.09605; 29.46726
Easern Cape,Deached Cour,Moherwell,Yes,Yes,No,No,041 403 5600,041 403 5697,10 Tynira sree Moherwell,E 25.58362; S -33.79625
Norh Wes,Periodical Cour,Moswedi,No,No,No,No,018 363 5600/1/2/3/4,018 363 3387,DP Moloo Sree Lerao 2880,-26.13649; 23.77673
Easern Cape,Magisrae Cour,Moun Ayliff,Yes,Yes,No,No,039 254 0004,039 254 0003,67 Church Sree Moun Ayliff 4735,E 29.36761; S -30.80725
Easern Cape,Magisrae Cour,Moun Flecher,Yes,Yes,No,No,039 257 0022,039 257 0060,Main Sree (on R56) Moun Flecher 5510,E 28.50616; S -30.69286
Easern Cape,Magisrae Cour,Moun Frere,Yes,Yes,No,No,039 255 0251,039 255 0793,Main Sree Moun Frere 5090,E 28.99232; S -30.90108
KwaZulu-Naal,Branch Cour,Mpumalanga,No,No,No,No,031 736 3471/2/3,031 736 3475,1 Kelly Sree Hammarsdale 3700,E 30.65599; S -29.79584
Easern Cape,Magisrae Cour,Mqanduli,Yes,Yes,No,No,047 573 0002,047 573 0104,68 Main Sree Mqanduli 5080,E 28.76251; S -31.81968
KwaZulu-Naal,Magisrae Cour,Msinga,Yes,Yes,No,No,033 493 0001/ 0005,033 493 0030,Tugela Ferry Village Main Road Msinga 3010,E 30.55508; S -28.74837
Easern Cape,Magisrae Cour,Mhaha,Yes,Yes,No,No,047 531 1705/ 0538/ 1414,047 531 1704,Cnr Leeds & Owen Srees Umaa 50999,E 28.78766; S -31.59055
Easern Cape,Periodical Cour,Monsasa,No,Yes (Sessions Only),No,No,See Lusikisiki,No,n/a,E 29.7023; S -31.20763
KwaZulu-Naal,Magisrae Cour,Mubauba,Yes,Yes,No,No,035 550 0065,035 550 1526,55E Old Riverview Road Mubauba 3935,E 32.18453; S -28.42036
KwaZulu-Naal,Magisrae Cour,Munzini,Yes,Yes,No,No,035 340 1415,035 340 1253,10 Helyxa0Huchinson Sree Munzini 3867,E 31.75679; S -28.95224
KwaZulu-Naal,Periodical Cour,Muden,No,No,No,No,036 354 1621,036 354 1090,Reief Sree Weenen 3325,No
Wesern Cape,Periodical Cour,Muizenberg,No,No,No,No,021 788 9742,021 788 9852,Talma Road Muizenberg,No
Wesern Cape,Magisrae Cour,Murraysburg,Yes,Yes,No,No,049 844 0001,049 844 0389,14 Church Sree Murraysburg 6995,E 23.7626; S -31.96287
Limpopo,Magisrae Cour,Musina,Yes,Yes,No,Yes,015 534 2146/7,015 534 0241,1 Flax Avenue Musina 0900,-22.34408; 30.04502
Limpopo,Periodical Cour,Musina Traffic Conrol Cenre,No,No,No,No,015 534 2146/7,015 534 0241,Musina Tesing Ground N1,-22.339901; 30.04365
Limpopo,Magisrae Cour,Muale,Yes,Yes,No,No,015 967 0045/0038/ 0077,015 967 0085,Nex o Muale Police Saion Muale 0956,-22.7356; 30.52201
Limpopo,Magisrae Cour,Namakgale,Yes,Yes,No,No,015 769 1540/1424,015 769 2561,c/o Calvin Ngobeni & Ackson Malai Sree Namakgale 1391,-23.93204; 31.02817
KwaZulu-Naal,Branch Cour,Ncoshane,No,No,No,No,034 316 1020,034 316 1030,B219 Emgazini Sr Pongola 3170,E 31.58298; S -27.34603
KwaZulu-Naal,Magisrae Cour,Ndwedwe,Yes,Yes,No,No,032 532 1035 / 533 4013,032 533 4013 Tel/Fax,Ndwe Cour House Main Road Ndwedwe 4342,E 30.93638; S -29.51556
Limpopo,Magisrae Cour,Nebo,Yes,Yes,Yes,No,013 264 8201,015 264 8225/ 0865073717,Nex o Nebo Pos Office Nebo 1059,-24.90708; 29.76015
Easern Cape,Branch Cour,Nerina One Sop Youh Jusice Cenre,No,No,No,No,See Por Elizabeh,No,Gumper Sree,E 25.56986; S -33.9348
Easern Cape,Deached Cour,New Brighon,No,Yes,No,No,041 454 1122,041 454 7351,Mai Road New Brighon PE 6056,E 25.58482; S -33.90669
KwaZulu-Naal,Magisrae Cour,New Hanover,Yes,Yes,No,No,033 502 0002/3,033 502 0340,Main Road New Hanover 3230,E 30.5295; S -29.35189
KwaZulu-Naal,Magisrae Cour,Newcasle,Yes,Yes,No,No,034 312 1166/7/8,034 315 1607,37 Murchison Sree Newcasle 2940,E 29.93178; S -27.75562
Gaueng,Branch Cour,Newlands,No,No,No,No,011 477 7252,011 477 8250,186 Main Road Newlands 2092,-26.17747; 27.97194
KwaZulu-Naal,Periodical Cour,Newlands Wes,No,No,No,No,032 439 1711,032 533 9946,Loop Wes Sr Newlands Wes,E 30.95591; S -29.78147
Easern Cape,Magisrae Cour,Ngcobo,Yes,Yes,No,No,047 548 1117,047 548 1024,High Sree Engcobo 6050,E 27.99888; S -31.67577
Mpumalanga,Periodical Cour,Ngodwana,No,No,No,No,013 753 6200/99,013 755 4077/1629,2 Ensra Sree SAPS Ngodwana,-25.5708; 30.67428
KwaZulu-Naal,Periodical Cour,Ngome,No,No,No,No,034 907 5015,034 907 5901,Main Road Nongoma o Vryheid Ngome,E 31.38972; S -27.83246
Easern Cape,Magisrae Cour,Ngqamakhwe,Yes,Yes,No,No,047 487 0005,047 487 0172,Blyhe sree  Nqamakwe 4990,E 27.94162; S -32.20293
Easern Cape,Magisrae Cour,Ngqeleni,Yes,Yes,No,No,047 568 0002,047 568 0006,76 King George Sree Ngqeleni 5140,E 29.03153; S -31.67339
KwaZulu-Naal,Branch Cour,Ngwelezane,No,No,No,No,035 794 2306/ 2360,035 794 2309,Ngwelezana Road Enseleni 3910,E 31.86479; S -28.77398
Norhern Cape,Periodical Cour,Niekerkshoop,No,No,No,No,053 343 0007,053 343 0531,3 Hoof Sree Niekerkshoop,-29.32615; 22.83894
Norhern Cape,Periodical Cour,Niewoudville,No,Yes (Sessions Only),No,No,027 341 1017/ 2920,027 341 1483,210 Neehling Sree Nieuwoudville,-31.37408; 19.11713
Gaueng,Deached Cour,Nigel,Yes,Yes,No,No,011 814 8261-3,011 814 5488,Cnr 4h Avenue & Church Sree Nigelxa01490,-26.42122; 28.47182
KwaZulu-Naal,Magisrae Cour,Nkandla,Yes,Yes,No,No,035 833 0028,035 833 0370,Lo 208 Ndlangubo Sree Nkandla 3855,E 31.0878; S -28.62081
Limpopo,Magisrae Cour,Nkowankowa,Yes,Yes,No,No,015 303 1721/2770,015 303 2791,1513A Hlanganani Sree Leaba 0870,-23.88309; 30.27695
Easern Cape,Periodical Cour,Nobanda,No,No,No,No,See Alice,No,No,No
KwaZulu-Naal,Magisrae Cour,Nongoma,Yes,Yes,No,No,035 831 0302/3,035 831 0334,Lo 96 Main Sree Nongoma 3950,E 31.64644; S -27.89943
Limpopo,Magisrae Cour,Norham,No,Yes,No,No,014 777 1543,014 772xa0 2523,24 Dwars Sree C/o Bris Rd & Vener Sree Norham,-24.95815; 27.26432
Norhern Cape,Magisrae Cour,Noupoor,Yes,Yes,No,No,049 843 1032/1310,049 843 1079,54 Voorrekker Sree Noupoor 5950,-31.18098; 24.95526
KwaZulu-Naal,Magisrae Cour,Nquu,Yes,Yes,No,No,034 271 1910,034 271 0704,Lo 69 Babanango Road Nquu 3135,E 30.67807; S -28.21413
KwaZulu-Naal,Branch Cour,Nsimbini,No,No,No,No,031 900 0070/1,031 900 0040,Nsimbini Reserve,E 30.85618; S -30.00026
KwaZulu-Naal,Periodical Cour,Nsuze,No,No,No,No,032 481 2001,032 481 2044,n/a,E 30.94316; S -29.37684
Easern Cape,Magisrae Cour,Nabahemba,Yes,Yes,No,No,045 846 9358,045 846 9357,1 Main Sree Nabahemba 5528,E 26.45268; S -31.95138
Mpumalanga,Periodical Cour,Nhorwane,No,No,No,No,017 773 0050,017 773 0196,Greylingsad SAPS 101 Dreyer Sree Greylingsad2415,-26.74201; 28.76544
KwaZulu-Naal,Magisrae Cour,Nuzuma,Yes,Yes,Yes,No,031 509 1405,031 509 1132,5 Dalmany Road Nuzuma 4360,No
Wesern Cape,Periodical Cour,Nuwerus,No,No,No,No,027 219 1002,027 219 1563,c/o Madelief & R363 Nuwerus,E 18.35721; S -31.14976
Wesern Cape,Branch Cour,Nyanga,No,No,No,No,021 372 0902,021 371 3774,c/o New Eisleben & Govener Mbeki Road Philippi 7802,E 18.59344; S -34.00065
Gaueng,Magisrae Cour,Oberholzer,Yes,Yes,No,Yes,018 788 2341-7,018 786 2269,cnr Oranje &  Van Zyl Smi Sree Oberholzer 2499,-26.34875; 27.39068
Free Sae,Magisrae Cour,Odendaalsrus,Yes,Yes,No,No,057 354 1294,057 354 1100,Weeber Sree Odendaalsrus 9480,E 26.68662; S -27.8732
Mpumalanga,Branch Cour,Ogies,No,No,No,No,013 656 2221/ 690 2005,013 656 5023,nu 1 Main Road Ogies,-26.05071; 29.05317
Limpopo,Periodical Cour,Ohrigsad,No,No,No,No,013 235 2325/6/7,013 235 3411,1 Main Sree Ohrigsad,-24.75323; 30.55849
Norhern Cape,Periodical Cour,Olifanshoek,No,Yes (Sessions Only),No,No,053 331 0018/0295,053 331 0261,5 Cox Sree Olifanshoek 8450,-27.94338; 22.73748
Norh Wes,Deached Cour,Orkney,No,Yes,No,No,018 473 2596,018 462 4275,Pamore Road Orkney 2620,-25.83137; 25.61075
Gaueng,Branch Cour,Orlando,No,Yes (Sessions Only),No,No,011 935 1205 / 2961,011 935 2961,c/o Mooki and Rahebe Sree Orlando Eas 1806,-26.2369; 27.92024
Norh Wes,Deached Cour,Oosdal,No,Yes,No,No,018 571 0022,018 571 0077,42 Voorrekker Sree Oosdal 2610,-26.81162; 26.00131
Wesern Cape,Magisrae Cour,Oudshoorn,Yes,Yes,No,No,044 203 6400/10,044 272 5842,120 S John Sree Oudshoorn 6620,E 22.20395; S -33.59042
Wesern Cape,Magisrae Cour,Paarl,Yes,Yes,Yes,No,021 872 3127,021 872 9116,c/o Main and Marke sree Paarl 7622,E 18.96939; S -33.73793
Gaueng,Magisrae Cour,Palm Ridge,Yes,Yes,Yes,Yes,010 232 2000/2001,N/A as ye,Cnr K146 road and Palm Ridge road Palm Ridge Alberon,-26.385538; 28.144237
Norhern Cape,Branch Cour,Pampiersad,No,No,No,No,053 996  2385/ 1796,053 996 1987,335 Mangope Avenue Pampiersad 8566,-27.77947; 24.69964
Wesern Cape,Branch Cour,Parow,No,No,Yes,No,021 936 9400,021 939 5441,Arnold Wilhelm Sreexa0Parow 7500,E 18.59593; S -33.90439
Free Sae,Magisrae Cour,Parys,Yes,Yes,No,No,056 811 2147,056 811 2147 Tel/Fax,11 Phillip Sree Parys 9585,E 27.45694; S -26.89879
Easern Cape,Periodical Cour,Paensie,No,No,No,No,See Hankey,No,Aalwyn Sree,E 24.81525; S -33.75632
Easern Cape,Periodical Cour,Paerson,No,No,No,No,See Alexandria,No,Griffihs Sree,E 25.96964; S -33.43974
Free Sae,Periodical Cour,Paul Roux,No,Yes (Sessions Only),No,No,058 471 0301,058 471 0752 or 0865072240 or 0866291469,47 Voorrekker Sree Paul Roux 9800,E 27.95175; S -28.29848
KwaZulu-Naal,Magisrae Cour,Paulpieersburg,Yes,Yes,No,No,034 995 1003,034 995 1053,33 Kruger Sree Paul Pieersburg 3180,E 30.81754; S -27.42383
Easern Cape,Magisrae Cour,Pearson,Yes,Yes,No,No,042 246 1114,042 246 1132,45 Voorrekker Sree Pearson 5860,E 25.13893; S -32.58199
Easern Cape,Magisrae Cour,Peddie,Yes,Yes,No,No,040 673 3740,040 673 3047,Main Sree Peddie 5640,E 27.12086; S -33.19846
Mpumalanga,Periodical Cour,Perdekop,No,No,No,No,017 735 2303,017 735 2295,1 Durban Sree Perdekop,-27.16822; 29.62184
Free Sae,Periodical Cour,Perus Seyn,No,Yes,No,No,058 871 3135/6,058 871 3194,19 Reiz Sree Perus Seyn 9640,E 28.13123; S -27.64724
Free Sae,Magisrae Cour,Perusburg,Yes,Yes,No,No,053 574 0122 / 0316,053 574 0122,27 Boshoff Sree Perusburg 9932,E 25.41424; S -29.11493
Norhern Cape,Periodical Cour,Perusville,No,No,No,No,053 665 0006,053 665 0066,Burg Sree Perusville,-30.07728; 24.65855
Limpopo,Magisrae Cour,Phalaborwa,Yes,Yes,No,Yes,015 781 2731,015 781 1819,c/o Sealene Sree & Palm Road Phalaborwa 1390,-23.95197; 31.13567
Free Sae,Magisrae Cour,Philippolis,Yes,Yes,No,No,051 773 0002,051 773 0028,65 Voorrekker Sree Philippolis 9970,E 25.2725; S -30.26322
Norhern Cape,Magisrae Cour,Philipsown,Yes,Yes,No,No,053 665 0006,053 665 0066,17 Du Plessis Sree Philipsown 8795,-30.43572; 24.47349
KwaZulu-Naal,Branch Cour,Phoenix,No,No,No,No,031 5078566,031 5076566,c/o Phoenix Highway & Pegasus Drive Phoenix 4068,E 31.00731; S -29.70091
KwaZulu-Naal,Branch Cour,Phungashe,No,No,No,No,039 835 0031,039 835 1096,Luphepheni Locaionxa0 ST Faihs Road Highflas 3306,E 30.15289; S -30.42555
Free Sae,Magisrae Cour,Phuhadijhaba,Yes,Yes,Yes,No,058 713 0071,058 713 6413,c/o Moremoholo & Seai Sree Sesing Complex Wisieshoek 9870,E 28.80829; S -28.53581
Limpopo,Periodical Cour,Pienaars River,No,No,No,No,014 736 2231,014 736 5210/0865075648,R101 Warmbad Pienaarsrivier,-25.20261; 28.29626
Norh Wes,Periodical Cour,Pie Plessis,No,No,No,No,053 928 4209,053 927 2309,n/a,-26.16245; 24.40736
KwaZulu-Naal,Magisrae Cour,Pieermarizburg,Yes,Yes,Yes,No,033 355 5100/ 5172,033 345 0324,c/o Church & Oo Sree Pieermarizburg 3201,E 30.37971; S -29.59972
Wesern Cape,Magisrae Cour,Pikeberg,Yes,Yes,No,No,022 913 1110/3179,022 913 2155,44 Voorrekker Sree Pikeberg 7320,E 18.75451; S -32.90652
Mpumalanga,Branch Cour,Pilgrim’s Res,No,No,No,No,013 767 1221,013 767 1221 Tel/Fax,Cour House Main Sree Pilgrims Res,-24.90928; 30.75679
KwaZulu-Naal,Magisrae Cour,Pineown,Yes,Yes,No,No,031 710 7800,031 709 0339,5 Chancery Lane Pineown 3600,E 30.86096; S -29.81865
KwaZulu-Naal,Branch Cour,Plessislaer,No,No,No,No,033 398 1390/1116/1167,033 398 6923,Old Main Road,E 30.33356; S -29.64589
Norhern Cape,Deached Cour,Pofadder,Yes,Yes,No,No,054 933 0021,054 933 0600,Skool Sree Pofadder 8890,-29.12479; 19.39461
KwaZulu-Naal,Branch Cour,Poin,No,No,No,No,See Durban,See Durban,Iner-Lia Poin SAPS on 165 Prince Sree Durban,No
Limpopo,Magisrae Cour,Polokwane,Yes,Yes,No,Yes,015 294 6000,015 294 6074,34 Landdros Mare sree Polokwane 0699,-23.91451; 29.4541
KwaZulu-Naal,Periodical Cour,Pomeroy,No,No,No,No,033 493 0001/ 0005,033 493 0030,7 Polinghome Sr Pomeroy,E 30.42193; S -28.55156
KwaZulu-Naal,Magisrae Cour,Pongola,Yes,Yes,No,No,034 413 1350 / 1364,034 413 2098,Koppie Alleen Sr  Pongola 3170,E 31.61894; S -27.384
Easern Cape,Magisrae Cour,Por Alfred,Yes,Yes,No,No,046 624 1144,046 624 5730,Pascoe Crescen  Por Alfred 5325,E 26.89058; S -33.59167
Easern Cape,Magisrae Cour,Por Elizabeh,Yes,Yes,Yes,No,041 502 5133/ 5111/ 5214,041 484 5638,584 Govan Mbeki Sree Norh End Por Elizabeh 6056,E 25.60463; S -33.94436
Norhern Cape,Periodical Cour,Por Nolloh,No,Yes (Sessions Only),No,No,027 851 8313,027 851 8017,Kuswag Sree Por Nolloh,-29.25162; 16.86838
KwaZulu-Naal,Magisrae Cour,Por Shepsone,Yes,Yes,No,No,039 682 0136,039 682 5017,5 Cour House Road Por Shepsone 4240,E 30.44789; S -30.7346
Easern Cape,Magisrae Cour,Por S Johns,Yes,Yes,No,No,047 564 1120/ 1444,047 564 1106,52 Wesgae Sree Por S Johns 5540,E 29.54936; S -31.62286
Wesern Cape,Branch Cour,Porerville,No,No,No,No,022 931 2410/ 2162,022 931 2120,37 Voorrekker Sree Porerville 6810,E 18.99315; S -33.01163
Norhern Cape,Magisrae Cour,Posmasburg,Yes,Yes,No,No,053 313 1155,053 313 2580,13 Jordaan Sree Posmasburg 8420,-28.33374; 23.06815
Norh Wes,Magisrae Cour,Pochefsroom,Yes,Yes,Yes,Yes,018 294 1600,018 294 0018/5075,Cnr Peer Mokaba & Wolmarans Sree Pochefsroom 2531,-25.646229; 27.213076
Limpopo,Magisrae Cour,Prakiseer,Yes,Yes,No,No,013 216 1091,013 216 1730,Police Saion Sree Prakiseer 1150,-24.58074; 30.32332
Gaueng,Magisrae Cour,Preoria,Yes,Yes,Yes,Yes,012 319 4000,012 328 6546,Cnr Schoeman (Francis Baard) & Schubar (Sophie De Bruyn) Sree Preoria 0001xa0xa0,-25.74825; 28.18449
Gaueng,Magisrae Cour,Preoria Norh,Yes,Yes,Yes,Yes,012 521 1002/ 4,012 565 5804 / 546 3291,335 Emily Hobhouse Sree Preoria Norh 0182,-25.67076; 28.1737
Norhern Cape,Magisrae Cour,Prieska,Yes,Yes,No,No,053 353 1105,053 353 2092,1 Seward Sree Prieska 8940,-29.66815; 22.74982
Wesern Cape,Magisrae Cour,Prince Alber,Yes,Yes,No,No,023 541 1450/ 1831,023 541 1955,26 Kerk Sree Prince Alber 6930,E 22.03121; S -33.22747
KwaZulu-Naal,Periodical Cour,Qudeni,No,No,No,No,035 833 0028,035 833 0370,Qudeni Main Road Ekombe,E 30.89735; S -28.64475
Easern Cape,Magisrae Cour,Queensown,Yes,Yes,No,No,045 838 3801,045 839 2665,76 Robinson Road Queensown 5320,E 26.86999; S -31.89849
Easern Cape,Magisrae Cour,Qumbu,Yes,Yes,No,No,047 553 0008,047 553 1061,95 Main Sree Qumbu 5180,E 28.87128; S -31.16241
Limpopo,Periodical Cour,Ramokgopa,No,No,No,No,See Morebeng,See Morebeng,Ramokgopa,-23.47225; 29.80511
KwaZulu-Naal,Branch Cour,Ramsgae,No,Yes (Sessions Only),No,No,039 314 4165,039 314 9825,c/o Marine Drive & Alfred Road Ramsgae,E 30.35163; S -30.88216
Gaueng,Magisrae Cour,Randburg,Yes,Yes,No,Yes,011 998 5300,011 326 1023,18 Shepherd Avenue Kensingon B Randburg 2125,-26.07748; 27.99628
Gaueng,Magisrae Cour,Randfonein,Yes,Yes,No,No,011 412 1195,011 412 1200/4576,Cnr Pollock & Suherland Sree Randfonein 1760,-26.181562; 27.699757
Limpopo,Periodical Cour,Rankin’s Pass,No,No,No,No,014 717 5316,014 717 5369,Near Rankin’s Pass SAPS,-24.52891; 27.9138
Wesern Cape,Periodical Cour,Rawsonville,No,No,No,No,023 342 2325,023 347 5024,1 Brand Sree Rawsonville,E 19.30903; S -33.68484
Free Sae,Magisrae Cour,Reddersburg,Yes,Yes,No,No,051 553 0032,051 553 0484,3 Norval Sree Reddersburg 9904,E 26.17311; S -29.65197
Free Sae,Magisrae Cour,Reiz,Yes,Yes,No,No,058 863 2778,058 863 2779,40 Church Sree Reiz 9810,E 28.43131; S -27.79924
Norh Wes,Periodical Cour,Reivilo,No,No,No,No,053 928 4209,053 927 2309,15 General Keevy Sree Reivilo,-26.16245; 24.40736
KwaZulu-Naal,Branch Cour,Richards Bay,No,Yes (Sessions Only),No,No,035 789 0183,035 789 8532,No 2 Pasea Parade Richard’s Bay,E 32.048; S -28.7383
KwaZulu-Naal,Magisrae Cour,Richmond [KZN,Yes,Yes,No,No,033 212 2114/2115,033 212 2790,36 Chilley Sree Richmond 3780,E 30.26988; S -29.87269
Norhern Cape,Magisrae Cour,Richmond [NC,Yes,Yes,No,No,053 693 0012,053 693 0205,288 Marke Sree Richmond 7090,-31.4145; 23.94448
Wesern Cape,Periodical Cour,Riebeeck Wes,No,No,No,No,022 482 1121/ 1166/ 1141,022 482 4307,c/o Hof & Sending Sree Riebeeck Wes,E 18.8727; S -33.35098
Norhern Cape,Periodical Cour,Riefonein,No,No,No,No,054 337 5300,054 332 1495,64 Loubos Weg Riefonein,-26.74292; 20.02937
Wesern Cape,Magisrae Cour,Riversdale,Yes,Yes,No,No,028 713 2428/ 1236/ 4560/ 3778,028 713 3797,13 Michell Sree Riversdale 6670,E 21.25991; S -34.09167
Wesern Cape,Periodical Cour,Rivier-sonder-end,No,No,No,No,028 212 1076,028 214 1630,Main road Riviersonderend,E 19.92012; S -34.15061
Wesern Cape,Magisrae Cour,Roberson,Yes,Yes,No,No,023 626 3023/ 24,023 626 4885,54 Kerk Sree Roberson 6705,E 19.88272; S -33.8042
Limpopo,Periodical Cour,Roedan,No,No,No,No,014 743 2217/8,014 743 0367,SAPS Roedan Main Sree Roedan 0580,-24.59619; 29.08159
Gaueng,Magisrae Cour,Roodepoor,Yes,Yes,No,No,011 766 1006/1042/1043/ 760 1146,011 766 1056/ 086 507 5193,54 Meyer Sree Roodepoor 1724,-26.15784; 27.86615
Limpopo,Periodical Cour,Rooiberg,No,No,No,No,014 736 2231,014 736 5210/0865075648,43 Maroela Sree Rooiberg,-24.77884; 27.73082
Limpopo,Periodical Cour,Roossenekal,No,No,No,No,013 262 2033/34,013 262 3000,010 Senekal Sree  Rossenekal 1066,-25.20155; 29.92623
Free Sae,Periodical Cour,Rosendal,No,No,No,No,051 933 2201,051 933 4479,cnr - Kriek and Keyer Sree,E 27.93019; S -28.50395
Free Sae,Magisrae Cour,Rouxville,Yes,Yes,No,No,051 663 0291,051 663 0536,10 Murray Sree Rouxville 9958,E 26.83474; S -30.41597
Limpopo,Branch Cour,Rus de Winer,No,No,No,No,014 736 2231,014 736 5210/0865075648,Perseel 180JR Rus de Winer,-25.20318; 28.60789
Norh Wes,Magisrae Cour,Rusenburg,Yes,Yes,No,Yes,014 597 9400 / 078 244 9609,014 592 0191,13 Nelson Mandela Drive Rusenburg 0300,-26.71575; 27.09321
Mpumalanga,Magisrae Cour,Sabie,Yes,Yes,No,No,013 764 1205,013 764 2795,c/o Main Sree & 7h Avenue Sabie 1260,-25.09909; 30.78008
Norh Wes,Periodical Cour,Sannieshof,No,No,No,No,053 948 9300,053 948 0904,23 General Delarey Sree Delareyville 2770,-27.57047; 24.18338
Limpopo,Branch Cour,Saselamani,No,Yes (Sessions Only),No,No,015 851 0022/3/4,015 851 1357,Near SAPS Sasalamani,-22.83127; 30.85721
Free Sae,Magisrae Cour,Sasolburg,Yes,Yes,No,No,016 976 0640,016 970 2417 /976 0640,Cnr Bain & Fichard Sree Sasolburg 1947,E 27.82955; S -26.81732
KwaZulu-Naal,Periodical Cour,Sawoi,No,No,No,No,See Scoburgh,No,R612 Ixopo Main Road,E 30.49062; S -30.27388
Limpopo,Magisrae Cour,Schoonoord,Yes,Yes,No,Yes,013 260 1001/02,013 260 1049,Nex o Police Saion Sekhukhune 1124,-24.75125; 30.01526
Norh Wes,Magisrae Cour,Schweizer-Reneke,Yes,Yes,Yes,No,053 963 1203,053 963 1506,1 Boha Sree Schweizer-Reneke 2780,-25.66563; 27.23732
KwaZulu-Naal,Magisrae Cour,Scoburgh,Yes,Yes,Yes,No,039 978 9400,039 978 3258,c/o Airh & Sco Sree Scoburgh 4180,E 30.75625; S -30.28747
Gaueng,Deached Cour,Sebokeng,No,Yes,No,Yes,016 988 1320,016 988 0071,Plo 18 Moshoeshoe Sree Sebokeng 1983,-26.60995; 27.84698
Mpumalanga,Branch Cour,Secunda,No,Yes,Yes,No,017 631 1187/ 634 7621,017 632 2835/ 634 8655,Lourens Muller Sr Secunda,-26.5046; 29.18619
Free Sae,Magisrae Cour,Selosesha,Yes,Yes,No,No,051 873 2242,051 873 3520,Opposie Selosesha Police Saion Thaba Nchu 9870,No
Limpopo,Deached Cour,Sempupuru,Yes,Yes,No,No,013 980 0061,013 980 0484,1 Cour Sree Elandsdoorn Dennilon 1030,-25.28637; 29.21582
Free Sae,Magisrae Cour,Senekal,Yes,Yes,No,No,058 481 2129,058 481 3868,Landdros Avenue Senekal 9600,E 27.62293; S -28.32393
Limpopo,Magisrae Cour,Senwabarwana,Yes,Yes,No,No,015 505 3151/ 52,015 505 3153,Main Road Nex o Bochum Plaza Bochum 0790,-23.28766; 29.14064
Limpopo,Periodical Cour,Senwamokgope,No,No,No,No,See Morebeng,See Morebeng,Opposie Greaer Leaba Municipaliy Offices near SAPS Sekgosese,-23.41238; 30.15034
Limpopo,Magisrae Cour,Seshego,Yes,Yes,No,No,015 223 5112,015 223 5101,4003 Nelson Mandela Drive Zone 7 Seshego 0742,-23.85451; 29.38157
Norh Wes,Periodical Cour,Selagole,No,No,No,No,053 928 4209,053 927 2309,Selagole Ploice Saion Selagole,-26.687483; 25.457776
Easern Cape,Magisrae Cour,Seymour,Yes,Yes,No,No,040 863 1080,040 863 1089,75 Curzon Sree Seymour 5750,E 26.77084; S -32.55314
Mpumalanga,Periodical Cour,Sheepmoor,No,No,No,No,017 846 9265,017 846 9265 el/fax,Sheepmoor SAPS,-26.71503; 30.29457
Wesern Cape,Magisrae Cour,Simon’s Town,Yes,Yes,No,No,021 786 1561,021 786 3429,133 S Georges Sree Simon’s Town 7995,E 18.43617; S -34.19345
Mpumalanga,Magisrae Cour,Siyabuswa,Yes,Yes,No,Yes,013 973 1311,013 973 1375,3B Rehabile Sree Siyabuswa 0472,-25.10835; 29.03993
Mpumalanga,Periodical Cour,Skukuza,No,No,No,No,013 751 1147/8,013 750 0426,SAPS Skukuza,-24.99534; 31.59013
Free Sae,Magisrae Cour,Smihfield,Yes,Yes,No,No,051 683 0192,051 683 0401,General Herzog Sree Smihfield 9966,E 26.53097; S -30.21423
Easern Cape,Magisrae Cour,Somerse Eas,Yes,Yes,No,No,042 243 1107,042 243 0667,1 Worceser Sree Somerse-Eas 5850,E 25.59057; S -32.71861
Wesern Cape,Magisrae Cour,Somerse Wes,Yes,Yes,No,No,021 850 7420,021 852 7299,33 Caledon Sree Somerse Wes 7130,E 18.85191; S -34.08335
Gaueng,Deached Cour,Soshanguve,Yes,Yes,No,Yes,012 730 1000,012 799 8921,Soshanguve Highway Block H Soshanguve 2096,-25.52939; 28.11372
Free Sae,Periodical Cour,Soupan,No,No,No,No,051 821 2211,051 821 1602,Lang Sree,E 26.06093; S -28.7214
Gaueng,Deached Cour,Soweo,No,Yes (Sessions Only),Yes,Yes,011 980 8130,011 980 5141,Cnr Ndaba & Kunene drive Proea Norhxa0 Soweo 1818,-26.27433; 27.83674
Norhern Cape,Magisrae Cour,Springbok,Yes,Yes,No,No,027 712 1215,027 712 1860,1 Hof Sree Springbok 8240,-29.66583; 17.88252
Free Sae,Periodical Cour,Springfonein,No,No,No,No,051 783 0028,051 783 0301,1 Pieerse Sree Springfonein 9917,E 25.70457; S -30.26422
Gaueng,Magisrae Cour,Springs,Yes,Yes,No,Yes,011 811 2180-4,011 811 2296,Welgedach Road (R555) Springs 1559,-26.245373; 28.441991
Easern Cape,Branch Cour,S Albans Prison,No,No,No,No,See Por Elizabeh,No,Old Cape Road,E 25.34376; S -33.90729
Mpumalanga,Magisrae Cour,Sanderon,Yes,Yes,No,No,017 712 2043,017 712 3253,13 Beyers Naude S  Sanderon 2430,-26.95318; 29.24297
Norh Wes,Periodical Cour,Sella,Yes,No,No,No,053 928 4209,053 927 2309,179 Sella Sree Sella,-27.20153; 25.301002
Wesern Cape,Magisrae Cour,Sellenbosch,Yes,Yes,No,No,021 887 0114,021 883 9687,Alexander Sree Sellenbosch 7600,E 18.85748; S -33.93658
Easern Cape,Magisrae Cour,Serksprui,Yes,Yes,No,No,051 611 0012,051 611 0034,81 Herschel Road Serksprui 9762,E 27.37058; S -30.52746
Easern Cape,Magisrae Cour,Serksroom,Yes,Yes,No,No,045 966 0007,045 966 0362,8 Hopley Sree  Serksroom 5425,E 26.55152; S -31.55569
Easern Cape,Magisrae Cour,Seynsburg,Yes,Yes,No,No,048 884 0048,048 884 0350,c/o Hendrik Pogieer & Kruger Sree Seynsburg 5920,E 25.82558; S -31.29606
Free Sae,Periodical Cour,Seynsrus,No,Yes,No,No,056 471 0013,056 471 0051,15 Van Riebeeck Sree Seynsrus 9515,E 27.56362; S -27.95321
Easern Cape,Magisrae Cour,Seylerville,Yes,Yes,No,No,049 835 0011,049 835 0011 Tel/Fax 086 628 7096,35 Sarel Cilliers Sree Seylerville 6250,E 24.34444; S -33.32845
Norh Wes,Deached Cour,Silfonein,No,Yes,No,No,018 484 1836,018 462 4275,6 Cenlivres Ave Silfonein 2550,-26.27179; 25.11399
Wesern Cape,Periodical Cour,Sill Bay Srand,No,No,No,No,028 713 2428/ 1236/ 4560/ 3778,028 713 3797,Main Road Wes Silbaai,E 21.41161; S -34.37777
Easern Cape,Periodical Cour,Sorms River,No,No,No,No,See Humansdorp,No,Darneil Sree,E 23.8892; S -33.97425
Wesern Cape,Magisrae Cour,Srand,Yes,Yes,No,No,021 854 7217,021 854 7014,1 Gordons Bay Road Srand 7140,E 18.849; S -34.1176
Norhern Cape,Periodical Cour,Srydenburg,No,Yes (Sessions Only),No,No,053 203 0000,053 203 0453,40 Kerk Sree Srydenburg,-29.94297; 23.67675
Easern Cape,Magisrae Cour,Suerheim,Yes,Yes,No,No,043 683 4600,043 683 3229,23 Dragoon Sree Suerheim 4930,E 27.4271; S -32.57119
Mpumalanga,Periodical Cour,Sundra,No,No,No,No,013 665 2081/ 2082/ 2042,013 665 5778,37 Wibank Sree SAPS Sundra,-26.18638; 28.55025
Norhern Cape,Magisrae Cour,Suherland,Yes,Yes,No,No,023 571 1003,023 571 1316,21 Pie Reief Sree Suherland 6920,-32.39567; 20.66077
Norh Wes,Deached Cour,Swarruggens,Yes,Yes,No,No,014 544 0016,014 544 0660/0250,13 Jan Van Riebeeck Sree Swarruggens 2835,-26.54952; 24.86231
Wesern Cape,Magisrae Cour,Swellendam,Yes,Yes,No,No,028 514 1109/ 1160/ 1223,028 514 2342,88 Voorrek Sree Swellendam 6740,E 20.44389; S -34.0209
Easern Cape,Magisrae Cour,Tabankulu,Yes,Yes,No,No,039 258 0050,039 258 0001,81 Main Sree Tabankulu 5130,E 29.3028; S -30.96151
Easern Cape,Magisrae Cour,Tarkasad,Yes,Yes,No,No,045 846 0017,045 846 0853,Van Reenen Sree Tarkasad 5370,E 26.26099; S -32.01083
Norh Wes,Magisrae Cour,Taung,Yes,Yes,Yes,Yes,053 994 1828/9,053 994 3699,Hospial Road Taung 8584,-27.54393; 24.77929
Norh Wes,Magisrae Cour,Temba,Yes,Yes,Yes,Yes,012 717 2179/ 3364/ 3527/ 3528,012 717 5366,Sand Nr 435 Shopping Complex Temba 0407,-25.377309; 28.259469
Gaueng,Deached Cour,Tembisa,Yes,Yes,Yes,No,011 281 0388/82,011 924 3439,244 Gqagqa Secion Tembisa 1632,-26.008024; 28.220897
Mpumalanga,Periodical Cour,Thaba-Kgwali,No,No,No,No,017 779 0150,017 779 0643,Old Mine Hospial Building SAPS Groovlei,-26.79878; 28.50954
Limpopo,Magisrae Cour,Thabazimbi,Yes,Yes,No,No,014 777 1543,014 772xa0 2523,10 Fourh Avenue Thabazimbi 0380,-24.59707; 27.40734
Wesern Cape,Branch Cour,Thembalehu,No,Yes (Sessions Only),Yes,No,044 801 0100,044 880 2029,Sandkraal  Road Thembalehu,E 22.48521; S -34.00322
Free Sae,Magisrae Cour,Theunissen,Yes,Yes,No,No,057 733 0007,057 733 2494,57 Le Roux Sree Theunissen 9410,E 26.71188; S -28.39995
Limpopo,Magisrae Cour,Thohoyandou,Yes,Yes,No,Yes,015 962 5550,015 962 5566,Mphephu Drive Thohoyandou 0950,-22.97281; 30.45694
Mpumalanga,Magisrae Cour,Thulamahashe,Yes,Yes,Yes,Yes,013 773 0431/0335,013 773 0430,Main Sree Nex o Police Saion & Home Affairs Thulamahashe 1365,-24.7255; 31.20421
Limpopo,Periodical Cour,Tin Mines,No,No,No,No,015 491 2158,015 491 8111,518 Marken Road Mapela,-24.03652; 28.77492
Easern Cape,Periodical Cour,Tina Falls,No,No,No,No,See Qumbu,No,Tina Falls,E 29.0218; S -31.22116
Limpopo,Branch Cour,Tiyani,Yes,Yes,No,No,015 873 2797,015 873 2753,Main Road Nex o Police Saion and Pos Office Tiyani,-23.30612; 30.29706
Norh Wes,Deached Cour,Tlhabane,Yes,Yes,No,No,014 565 4206/ 7/8,014 565 5813,3582 Mosasi Sree Tlhabane 0309,-26.9779; 26.66973
Limpopo,Periodical Cour,Tolwe,No,No,No,No,015 491 2158,015 491 8111,Rooihoge Farm Nex To Huners Lodge 0690,-22.98589; 28.57501
Limpopo,Periodical Cour,Tom Burke,No,No,No,No,014 769 0063/ 0165/ 0167,014 769 0165 Tel/Fax,SAPS Tomburke R572 Road Van Wyk Farm 0621,-23.06948; 27.9986
Mpumalanga,Magisrae Cour,Tonga,Yes,Yes,No,Yes,013 780 3312 /3153,013 780 0747,Tonga Road Nkomazi 1341,-25.68782; 31.78547
Wesern Cape,Periodical Cour,Touws River,No,No,No,No,023 342 2325,023 347 5024,15 Douglas Sr Touwsrivier,E 20.03149; S -33.33903
Free Sae,Magisrae Cour,Trompsburg,Yes,Yes,No,No,051 713 0003,051 713 0269,21 Kerk Sree Trompsburg 9913,E 25.78108; S -30.03393
Gaueng,Deached Cour,Tsakane,No,Yes,No,No,011 739 1600,-,32019 Modjadji Sree Tsakane 1550,-26.3462; 28.3764
Free Sae,Deached Cour,Tseki,No,Yes,No,No,058 713 1524 / 1525,058 713 2266,Tseki Shopping Complex Poelong Village nex o Police Saion Wisieshoekxa0 9870,E 28.77217; S -28.58721
Limpopo,Periodical Cour,Tshaulu,No,No,No,No,015 962 5550,015 962 5566,SAPS  Tshaulu Tshaulu  Tshilaphala Tshaulu Village,-22.80376; 30.74825
Free Sae,Deached Cour,Tsheseng,No,Yes,No,No,058 721 0160,058 721 0153,16 Moa Sree Tsheseng Village Wisieshoek 9868,E 28.87027; S -28.63458
Norh Wes,Periodical Cour,Tshidilamolomo,No,No,No,No,018 387 8000,018 384 3594,Tshidilamolomo Police Saion Tshidilamolomo,-25.82623; 24.67332
Limpopo,Periodical Cour,Tshikombani,No,No,No,No,015  962 5556,015 962 5566,Tshikombani Tribal Council,-22.91142; 30.21735
Limpopo,Magisrae Cour,Tshilwavhusiku,Yes,Yes,No,No,015 571 5277/ 5049/ 505 0563,015 571 5490,Nex o Police Saion Tshilwavhusiku 0938,-23.09656; 29.74109
Limpopo,Magisrae Cour,Tshiale,Yes,Yes,No,No,015 975 1715/17,015 975 1716,Mulima Sekgosese Road Mulima 0817,-23.35858; 29.98854
Norhern Cape,Periodical Cour,Tsineng,No,No,No,No,053 773 1868/ 1869/ 1307/ 1550,053 773 1502/1156,Tsineng,-27.08491; 23.07599
Easern Cape,Magisrae Cour,Tsolo,Yes,Yes,Yes,No,047 542 0002,047 542 0067,Corner Main 7 & Thurson Srees Tsolo 5170,E 28.75651; S -31.31137
Easern Cape,Magisrae Cour,Tsomo,Yes,Yes,No,No,047 488 0003,047 488 0016,Main Sree  Tsomo 5400,E 27.82072; S -32.03808
Limpopo,Periodical Cour,Tuinplaas,No,No,No,No,014 717 5316,014 717 5369,Near SAPS Tuinplaas,-24.90221; 28.73624
Wesern Cape,Magisrae Cour,Tulbagh,Yes,Yes,No,No,023 230 0006,023 230 0099,c/o Pie Reief & Waerkan Sree Tulbagh 6820,E 19.14045; S -33.28856
KwaZulu-Naal,Branch Cour,Turon,No,Yes (Sessions Only),No,No,039 972 1720,039 972 1736,Emzumbe Locaion Hibberdenexa0 4220,No
Free Sae,Periodical Cour,Tweeling,No,No,No,No,058 813 1000,058 813 1638,5h Agse Sree,E 28.51574; S -27.55465
Free Sae,Periodical Cour,Tweesprui,No,No,No,No,051 973 0017,051 973 0518,12 Eaon Road,E 27.02474; S -29.18637
Limpopo,Magisrae Cour,Tzaneen,Yes,Yes,No,Yes,015 307 3770 / 307 7061,015 307 4163,18 Morgan Sree Tzaneen 0850,-23.82821; 30.16075
KwaZulu-Naal,Magisrae Cour,Ubombo,Yes,Yes,No,No,035 595 1002,035 595 1165,Lo 15 Main Road Ubombo 3970,E 32.08435; S -27.56635
Easern Cape,Periodical Cour,Ugie,No,No,No,No,See Maclear or 045 933 1357,n/a,c/o Umnga Sree & 2 van Riebeeck Sree,E 28.23507; S -31.1995
Easern Cape,Magisrae Cour,Uienhage,Yes,Yes,No,No,041 992 5393,041 992 2907,6 Durban Sree  Uienhage 6230,E 25.40009; S -33.77139
KwaZulu-Naal,Magisrae Cour,Umbumbulu,Yes,Yes,Yes,No,031 915 0100/01/02/03,031 915 0106,Main Road Umbumbulu 4105,E 30.70279; S -29.98549
KwaZulu-Naal,Periodical Cour,Umhlali,No,No,No,No,032 551 1201,032 552 1656,Main Road Umhlali,E 31.21958; S -29.46886
KwaZulu-Naal,Magisrae Cour,Umzimkulu,Yes,Yes,No,No,039 259 0841,039 259 0184,Hospial Sree Umzimkulu 3297,E 29.94012; S -30.25849
KwaZulu-Naal,Periodical Cour,Umzino,No,Yes (Sessions Only),No,No,039 978 9400,039 978 3258,102 Cour Road Umzino,E 30.67261; S -30.30875
Wesern Cape,Magisrae Cour,Uniondale,Yes,Yes,No,No,044 752 1002,044 752 1237,51 Voorrekker Sree Uniondale 6460,E 23.1258; S -33.65713
Norhern Cape,Magisrae Cour,Upingon,Yes,Yes,Yes,No,054 337 5300,054 332 1495,1 Weideman Sree Upingon 8800,-28.46085; 21.23732
KwaZulu-Naal,Magisrae Cour,Urech,Yes,Yes,No,No,034 331 3184,034 331 3184 Tel/Fax,51 Voor Sree Urech 2980,E 30.31998; S -27.65597
Mpumalanga,Magisrae Cour,Vaalbank (eLibangeni),Yes,Yes,No,No,013 976 7409/10,013 976 7435,Farm 01 Vaalbank 0449,-25.15999; 28.85028
Limpopo,Periodical Cour,Vaalwaer,No,No,No,No,014 717 5316,014 717 5369,Near SAPS Vaalwaer,-24.29323; 28.11393
Mpumalanga,Periodical Cour,Val,No,No,No,No,017 712 2043,017 712 3253,06 Smih Sree SAPS building,-26.79825; 28.94027
Norhern Cape,Periodical Cour,Van Wyksvlei,No,No,No,No,053 382 3001,053 382 3725,Hoof Sree Vanwyksvlei,-26.8798; 22.052
Norhern Cape,Periodical Cour,Van Zylsrus,No,No,No,No,053 712 1081,053 712 2021,n/a,-30.35073; 21.82448
Gaueng,Magisrae Cour,Vanderbijlpark,Yes,Yes,No,No,016 933 4351,016 933 3377,Cnr General Herzog & F W Beyers Sree Vanderbijlpark 1911,-26.70052; 27.83388
Wesern Cape,Magisrae Cour,Vanrhynsdorp,Yes,Yes,No,No,027 219 1002,027 219 1563,2 Church Sree Vanrhynsdorp 8170,E 18.73701; S -31.60797
Free Sae,Magisrae Cour,Venersburg,Yes,Yes,No,No,057 651 4041,057 651 5047 / 0866332308,2 Voorrekker Sree Venersburgxa0 9450,E 27.13992; S -28.08725
Norh Wes,Magisrae Cour,Venersdorp,Yes,Yes,No,No,018 264 2036/7,018 264 2404,31 Gey Sree Venersdorp 2710,-26.31698; 26.82196
Easern Cape,Magisrae Cour,Venersad,Yes,Yes,No,No,051 654 0007,051 654 0147,Tennan Sree  Venersad 9798,E 25.79877; S -30.77674
Gaueng,Deached Cour,Vereeniging,Yes,Yes,No,Yes,016 422 0071-4,016 422 0604,Cnr Leslie & Beaconsfield Ave Vereeniging 1939,-26.67625; 27.92759
Mpumalanga,Periodical Cour,Verena,No,No,No,No,013 986 0131/2,013 986 0598,Sand Number 847 Verena A,-25.48404; 29.025
Free Sae,Periodical Cour,Verkeerdevlei,No,No,No,No,051 821 2211,051 821 1602,1 Handel Sree,E 26.77873; S -28.8321
KwaZulu-Naal,Magisrae Cour,Verulam,Yes,Yes,No,No,032 439 1711,032 533 9946,52 Moss Sree Verulam 4340,E 31.0489; S -29.64211
Norhern Cape,Magisrae Cour,Vicoria Wes,Yes,Yes,No,No,053 621 0007,053 621 0866,1 Vicoria Sree Vicoria Wes 7070,-31.40419; 23.11092
Free Sae,Periodical Cour,Vierfonein,No,No,No,No,056 343 2113,056 343 1392,Vierfonien SAPS,E 26.75157; S -27.08029
Free Sae,Magisrae Cour,Viljoenskroon,Yes,Yes,No,No,056 343 2113,056 343 1392,21 Engelbrech Sree Viljoenskroon 9520,E 26.94482; S -27.20885
Limpopo,Periodical Cour,Villa Nora,No,No,No,No,014 769 0063/ 0165/ 0167,014 769 0165 Tel/Fax,R518 Villa Nora,-23.52816; 28.1257
Free Sae,Magisrae Cour,Villiers,Yes,Yes,No,No,058 821 0018,058 821 0942,Pearson Circle Villiers 9840,E 28.59988; S -27.02615
Wesern Cape,Periodical Cour,Villiersdorp,No,No,No,No,028 212 1076,028 214 1630,3 Buiekan Sree Villiersdorp,E 19.28122; S -33.99262
Norhern Cape,Periodical Cour,Vioolsdrif,No,No,No,No,027 712 1215,027 712 1860,n/a,-28.76895; 17.62365
Free Sae,Magisrae Cour,Virginia,Yes,Yes,No,No,057 221 2900 /05,057 212 3167 /8,20 Virginia Gardens Virginia 9430,E 26.86555; S -28.10737
Mpumalanga,Magisrae Cour,Volksrus,Yes,Yes,No,No,017 735 2303,017 735 2295,56 Louis Trichard Sree Volksrus 2470,-27.36904; 29.88408
Norhern Cape,Periodical Cour,Vosburg,No,Yes (Sessions Only),No,No,053 621 0007,053 621 0866,1 Mark Sree Vosburg,-30.57347; 22.8815
Gaueng,Branch Cour,Vosloorus,No,No,No,No,011 906 7300,011 906 7301,2 MC Boha Drive Vosloorus 1475,-26.3426; 28.21193
Mpumalanga,Branch Cour,Vosman,No,No,No,No,013 698 0611,013 656 5023,6668 Mahew Phosa drive SAPS Vosman,-25.86806; 29.12686
Free Sae,Magisrae Cour,Vrede,Yes,Yes,No,No,058 913 1024,058 913 2747,46 Kuhn Sree Vrede 9835,E 29.16382; S -27.42936
Free Sae,Magisrae Cour,Vredefor,Yes,Yes,No,No,056 931 0001,056 931 0161,23 Oranje Sree Vredefor 9595,E 27.36639; S -27.00641
Wesern Cape,Magisrae Cour,Vredenburg,Yes,Yes,No,No,022 713 5274,022 713 1520,17 Pie Reief Sree  Vredenburg 7380,E 17.9872; S -32.90525
Wesern Cape,Magisrae Cour,Vredendal,Yes,Yes,No,No,027 213 2010,027 213 4823,24 Voorrekker Sree Vredendal 8160,E 18.50698; S -31.66455
Norh Wes,Magisrae Cour,Vryburg,Yes,Yes,No,Yes,053 928 4209,053 927 2309,69 Marke Sree (c/o Marke & De Kock) Vryburg 8601,-26.95846; 24.72687
KwaZulu-Naal,Magisrae Cour,Vryheid,Yes,Yes,No,No,034 981 4911/4912/9809,034 980 9203,212 Church Sree Vryheid 3100,E 30.79539; S -27.76772
Limpopo,Magisrae Cour,Vuwani,Yes,Yes,No,No,015 961 5402,015 961 5389,Nex o Vuwanixa0Police Saion,-23.13014; 30.41998
Mpumalanga,Magisrae Cour,Wakkersroom,Yes,Yes,No,No,017 730 0156,017 730 0147,Engelbrech Sree Wakkersroom 2480,-27.35426; 30.1444
Free Sae,Periodical Cour,Warden,No,Yes,No,No,058 643 0014,058 643 0860 / 0027,27B School Sree Warden 9890,E 28.96369; S -27.85779
Norhern Cape,Magisrae Cour,Warrenon,Yes,Yes,No,No,053 497 9200,053 497 5200,9 Sruwig Sree Warrenon 8530,-28.11497; 24.84852
KwaZulu-Naal,Periodical Cour,Wasbank,No,No,No,No,034 393 1164/1190,034 393 2147,Rademeyer Road Wasbank,E 30.09996; S -28.3135
Limpopo,Periodical Cour,Waerpoor,No,No,No,No,015 516 0181/2/3,015 516 0044,R523 SAPS Waerpoor,-22.90068; 29.62667
Gaueng,Periodical Cour,Wedela,No,No,No,No,See Fochville,No,No,-26.456441; 27.38304
KwaZulu-Naal,Magisrae Cour,Weenen,Yes,Yes,No,No,036 354 1621,036 354 1090,Reief Sree Weenen 3325,E 30.08513; S -28.85384
Gaueng,Periodical Cour,Welbekend,No,No,No,No,013 932 2901-3,013 932 2880,R25 Plaas Onbekend Bapsfonein,-25.9647; 28.46958
Free Sae,Magisrae Cour,Welkom,Yes,Yes,Yes,No,057 916 2500 / 2515,057 916 2600,Cnr Heeren & Buien Sree Welkom 9460,E 26.73774; S -27.97683
Wesern Cape,Magisrae Cour,Wellingon,Yes,Yes,No,No,021 873 1145/ 8811/ 6648/ 8768,021 864 2730,30 Jan van Riebeeck Sree Wellingon 7655,E 19.00543; S -33.6403
KwaZulu-Naal,Branch Cour,Wembesi,No,No,No,No,See Escour,No,No,No
KwaZulu-Naal,Branch Cour,Wenworh,No,No,No,No,031 468 2061,031 451 6238,Auserville Drive Wenworh 4005,E 30.98109; S -29.94245
Free Sae,Magisrae Cour,Wepener,Yes,Yes,No,No,051 583 1806,051 583 1658,2 Minnaar Sree Wepener 9944,E 27.03717; S -29.73083
Free Sae,Magisrae Cour,Wesselsbron,Yes,Yes,No,No,057 899 1815,057 899 2653,Cnr Preorius & Presiden Seyn Sree Wesselsbron 9680,E 26.36398; S -27.85572
Gaueng,Magisrae Cour,Wesonaria,Yes,Yes,No,No,011 753 2251/2/4/5,011 753 3725,36 Pres Seyn Sree Wesonaria 1780,-26.3236; 27.65128
Mpumalanga,Magisrae Cour,Whie River,Yes,Yes,No,No,013 751 1147/8,013 750 0426,c/o Mgiyeni Khumalo & Peer Graham Sreexa0Whie River 1240,-25.32844; 31.01958
Easern Cape,Magisrae Cour,Whilesea,Yes,Yes,No,No,040 842 2246,040 842 3187,3 Shepsone Sree Whilesea 5360,E 26.82284; S -32.17442
Norhern Cape,Magisrae Cour,Willison,Yes,Yes,No,No,053 391 3006,053 391 3311,Kühn Sree Willison 8920,-31.34127; 20.91612
Easern Cape,Magisrae Cour,Willowmore,Yes,Yes,No,No,044 923 1009/ 2107,044 923 1742,36 Weymeyer Sree Willowmore 6445,E 23.4874; S -33.29536
Easern Cape,Magisrae Cour,Willowvale,Yes,Yes,No,No,047 499 1038,047 499 1022,c/o Main & Hill Sree  Willowvale 5040,E 28.50773; S -32.26664
Free Sae,Magisrae Cour,Winburg,Yes,Yes,No,No,051 881 0002,051 881 1535 / 0865071382,34 Leech Sree Winburg 9420,E 27.00912; S -28.51905
Norhern Cape,Periodical Cour,Windsoron,No,Yes (Sessions Only),No,No,053 531 0621/23,053 531 0812,n/a,-28.3267; 24.71093
KwaZulu-Naal,Periodical Cour,Wineron,No,No,No,No,036 352 3030/3032,036 352 1270,1 Presiden Sr Wineron,E 29.5401; S -28.81438
Norhern Cape,Periodical Cour,Widraai,No,No,No,No,054 337 5300,054 332 1495,R360 Widraai,-26.95578; 20.70595
Limpopo,Deached Cour,Wipoor,Yes,Yes,No,No,014 769 0063/ 0165/ 0167,014 769 0165 Tel/Fax,Wipoor Lephalale 0555,-23.32973; 28.00542
Norh Wes,Magisrae Cour,Wolmaranssad,Yes,Yes,No,No,018 596 1060,018 596 1121/1332,28 Pie Reief Sree Wolmaranssad 2630,-27.19892; 25.98232
Wesern Cape,Branch Cour,Wolseley,No,Yes (Sessions Only),No,No,023 231 1086,023 231 1086 Tel/Fax,29 Eeufees Sree  Wolseley 6830,E 19.20098; S -33.41388
Wesern Cape,Magisrae Cour,Worceser,Yes,Yes,No,No,023 342 2325,023 347 5024,57 Adderley & Waerloo Sree Worceser 6850,E 19.44355; S -33.6459
Wesern Cape,Magisrae Cour,Wynberg [WC,Yes,Yes,Yes,No,021 799 1800,021 762 7842,c/o Church & Cour  Road Wynberg 7800,E 18.46617; S -34.00409
Limpopo,Branch Cour,Zaaiplaas,No,No,No,No,013 262 2033/34,013 262 3000,New Sand no,-25.16611; 29.75124
Free Sae,Magisrae Cour,Zasron,Yes,Yes,No,No,051 673 1004,051 673 1027,20 Hoofd Sree Zasron 9950,E 27.08456; S -30.30335
Limpopo,Periodical Cour,Zebediela,No,Yes (Sessions Only),No,No,015 491 2158,015 491 8111,R518 Road Groohoek 0628,-24.29834; 29.24439
Norh Wes,Deached Cour,Zeerus,Yes,Yes,No,No,018 642 1055,018 642 2116/ 086 5075 032,27 Presiden Sree Zeerus 2865,-25.54581; 26.07926
